OpportunityId,CreatedDate,created_by_id,IsAccepted,AcceptedDecisionDate,Amount,OwnerEmployeeId,
1,1/11/2021,1,TRUE,1/18/2021 0:00,3558.5,7,
2,1/18/2021,5,FALSE,1/21/2021 0:00,4077.81,8,
3,1/18/2021,4,FALSE,1/22/2021 0:00,6507.67,6,
5,1/25/2021,1,TRUE,1/28/2021 0:00,9809.75,8,
4,1/22/2021,1,FALSE,1/29/2021 0:00,3463.57,7,
7,1/28/2021,4,TRUE,1/30/2021 0:00,4356.32,7,
6,1/26/2021,2,FALSE,2/1/2021 0:00,4296.15,6,
8,2/5/2021,5,TRUE,2/8/2021 0:00,3438.11,8,
9,2/8/2021,2,TRUE,2/11/2021 0:00,2749.88,6,
10,2/12/2021,1,FALSE,2/23/2021 0:00,2002.32,7,
12,2/22/2021,4,TRUE,2/24/2021 0:00,4319.32,6,
11,2/22/2021,2,FALSE,2/25/2021 0:00,3405.69,8,
16,2/25/2021,1,FALSE,2/26/2021 0:00,3681.55,7,
13,2/24/2021,4,TRUE,2/28/2021 0:00,5009.87,7,
15,2/25/2021,2,TRUE,3/1/2021 0:00,3717.9,6,
14,2/24/2021,2,TRUE,3/1/2021 0:00,3933.01,8,
18,3/2/2021,4,FALSE,3/4/2021 0:00,3372.99,6,
17,3/1/2021,3,FALSE,3/8/2021 0:00,3638.83,8,
19,3/8/2021,4,FALSE,3/12/2021 0:00,3739.16,7,
22,3/10/2021,1,FALSE,3/12/2021 0:00,3217.05,7,
21,3/8/2021,4,TRUE,3/12/2021 0:00,4812.35,8,
20,3/8/2021,3,FALSE,3/12/2021 0:00,4687.21,8,
23,3/12/2021,3,TRUE,3/15/2021 0:00,4391.17,8,
24,3/15/2021,5,FALSE,3/17/2021 0:00,3134.37,6,
26,3/15/2021,3,TRUE,3/18/2021 0:00,3980.1,8,
27,3/17/2021,2,FALSE,3/22/2021 0:00,14163.68,6,
28,3/19/2021,2,TRUE,3/22/2021 0:00,3367.85,8,
25,3/15/2021,3,TRUE,3/28/2021 0:00,3791.49,7,
30,3/29/2021,1,TRUE,3/31/2021 0:00,3184.73,6,
31,3/29/2021,4,TRUE,3/31/2021 0:00,3517.61,7,
33,3/29/2021,4,TRUE,4/1/2021 0:00,4369.35,6,
29,3/29/2021,1,FALSE,4/2/2021 0:00,7328.18,8,
32,3/29/2021,4,TRUE,4/2/2021 0:00,3559.21,8,
34,3/31/2021,1,TRUE,4/3/2021 0:00,48782.58,7,
35,4/2/2021,5,TRUE,4/5/2021 0:00,3106.95,8,
38,4/5/2021,5,TRUE,4/6/2021 0:00,2981.55,8,
36,4/5/2021,1,FALSE,4/8/2021 0:00,2224.82,6,
39,4/7/2021,1,TRUE,4/12/2021 0:00,3558.1,6,
37,4/5/2021,4,FALSE,4/13/2021 0:00,3632.04,7,
42,4/13/2021,1,TRUE,4/15/2021 0:00,4234.41,6,
41,4/12/2021,1,FALSE,4/15/2021 0:00,4999.08,8,
43,4/16/2021,1,TRUE,4/17/2021 0:00,2440.8,7,
40,4/12/2021,5,FALSE,4/22/2021 0:00,2740.37,7,
45,4/19/2021,1,TRUE,4/23/2021 0:00,16648.95,6,
44,4/19/2021,2,FALSE,4/23/2021 0:00,4473.88,8,
48,4/23/2021,5,FALSE,4/26/2021 0:00,4391.83,6,
47,4/22/2021,4,TRUE,4/27/2021 0:00,2303,8,
46,4/21/2021,5,TRUE,4/28/2021 0:00,3249.65,7,
51,4/26/2021,4,TRUE,4/29/2021 0:00,3194.14,6,
50,4/26/2021,4,TRUE,4/30/2021 0:00,4694.88,8,
49,4/26/2021,2,FALSE,5/2/2021 0:00,4455.41,7,
54,4/29/2021,2,FALSE,5/3/2021 0:00,3212.17,6,
53,4/28/2021,3,TRUE,5/3/2021 0:00,3349.12,8,
56,4/30/2021,3,TRUE,5/3/2021 0:00,3308.75,8,
57,5/3/2021,1,FALSE,5/5/2021 0:00,1627.77,6,
55,4/30/2021,5,FALSE,5/7/2021 0:00,2143.24,7,
52,4/28/2021,1,TRUE,5/11/2021 0:00,2884.33,7,
58,5/4/2021,3,FALSE,5/11/2021 0:00,2888.65,7,
60,5/10/2021,5,TRUE,5/14/2021 0:00,3005.97,6,
59,5/10/2021,1,TRUE,5/14/2021 0:00,2532.22,8,
64,5/17/2021,1,FALSE,5/18/2021 0:00,2169.74,7,
62,5/14/2021,3,TRUE,5/18/2021 0:00,3325.84,8,
63,5/17/2021,2,FALSE,5/20/2021 0:00,4441.48,6,
66,5/19/2021,3,TRUE,5/24/2021 0:00,3372.85,6,
65,5/19/2021,2,TRUE,5/24/2021 0:00,3467.97,8,
68,5/21/2021,3,FALSE,5/25/2021 0:00,2676.98,8,
69,5/24/2021,2,FALSE,5/26/2021 0:00,3405.5,6,
61,5/13/2021,5,TRUE,5/26/2021 0:00,4535.5,7,
67,5/20/2021,5,FALSE,5/26/2021 0:00,3261.51,7,
71,5/26/2021,5,TRUE,5/31/2021 0:00,3819.45,8,
74,5/31/2021,2,FALSE,6/3/2021 0:00,3568.14,8,
72,5/31/2021,2,FALSE,6/4/2021 0:00,4697.28,6,
75,6/2/2021,3,FALSE,6/7/2021 0:00,4284.94,6,
70,5/26/2021,5,TRUE,6/8/2021 0:00,2129.45,7,
77,6/4/2021,2,FALSE,6/8/2021 0:00,5743.49,8,
78,6/8/2021,5,TRUE,6/9/2021 0:00,3855.11,6,
73,5/31/2021,4,TRUE,6/12/2021 0:00,4917.89,7,
76,6/3/2021,3,TRUE,6/13/2021 0:00,4393.35,7,
79,6/10/2021,4,TRUE,6/14/2021 0:00,3962.32,7,
81,6/14/2021,3,TRUE,6/17/2021 0:00,4284.49,6,
82,6/14/2021,5,TRUE,6/17/2021 0:00,4481.81,7,
80,6/14/2021,4,TRUE,6/18/2021 0:00,4480.91,8,
83,6/14/2021,4,TRUE,6/18/2021 0:00,3935.8,8,
84,6/17/2021,5,TRUE,6/22/2021 0:00,5893.49,6,
87,6/23/2021,4,TRUE,6/28/2021 0:00,3958.57,6,
85,6/18/2021,3,TRUE,6/28/2021 0:00,2965.87,7,
86,6/21/2021,4,TRUE,6/28/2021 0:00,4246.13,8,
89,6/24/2021,5,FALSE,6/28/2021 0:00,2848.52,8,
90,6/25/2021,3,TRUE,6/29/2021 0:00,2846.61,6,
88,6/23/2021,4,TRUE,6/30/2021 0:00,4360.39,7,
93,7/5/2021,5,FALSE,7/9/2021 0:00,5249.52,6,
92,7/5/2021,3,TRUE,7/9/2021 0:00,3253.12,8,
97,7/9/2021,5,TRUE,7/11/2021 0:00,3499.29,7,
96,7/8/2021,2,TRUE,7/12/2021 0:00,4990.12,8,
95,7/8/2021,4,TRUE,7/12/2021 0:00,3389.88,8,
91,6/28/2021,3,TRUE,7/13/2021 0:00,2238.79,7,
99,7/12/2021,4,TRUE,7/15/2021 0:00,3613.77,6,
94,7/5/2021,2,TRUE,7/16/2021 0:00,3919.36,7,
98,7/12/2021,5,TRUE,7/16/2021 0:00,2567.83,8,
101,7/14/2021,5,FALSE,7/16/2021 0:00,3117.44,8,
106,7/19/2021,5,TRUE,7/20/2021 0:00,4524.99,7,
109,7/20/2021,1,FALSE,7/21/2021 0:00,2871.81,7,
107,7/19/2021,2,TRUE,7/21/2021 0:00,3630.24,8,
102,7/19/2021,3,FALSE,7/22/2021 0:00,3739.82,6,
105,7/19/2021,2,TRUE,7/23/2021 0:00,5082.02,6,
108,7/20/2021,2,TRUE,7/23/2021 0:00,3902.2,6,
104,7/19/2021,3,TRUE,7/23/2021 0:00,5046.06,8,
100,7/14/2021,2,TRUE,7/25/2021 0:00,4785.57,7,
114,7/26/2021,5,TRUE,7/27/2021 0:00,4086.67,6,
110,7/23/2021,3,TRUE,7/27/2021 0:00,3352.67,8,
111,7/26/2021,4,FALSE,7/28/2021 0:00,3040.33,6,
113,7/26/2021,5,FALSE,7/29/2021 0:00,5450.2,8,
118,7/29/2021,2,FALSE,7/31/2021 0:00,3439.39,7,
117,7/29/2021,1,TRUE,8/2/2021 0:00,4866.72,6,
103,7/19/2021,4,TRUE,8/2/2021 0:00,3582.99,7,
116,7/29/2021,1,FALSE,8/2/2021 0:00,3537.18,8,
120,8/2/2021,3,FALSE,8/3/2021 0:00,4428.33,6,
115,7/28/2021,2,TRUE,8/4/2021 0:00,3227.05,7,
122,8/2/2021,5,FALSE,8/5/2021 0:00,2844.49,8,
119,8/2/2021,3,TRUE,8/6/2021 0:00,4683.74,8,
112,7/26/2021,3,TRUE,8/8/2021 0:00,3888.33,7,
123,8/5/2021,5,TRUE,8/9/2021 0:00,4635.74,6,
125,8/5/2021,3,TRUE,8/9/2021 0:00,3877.37,8,
129,8/9/2021,1,FALSE,8/11/2021 0:00,3173.96,6,
128,8/9/2021,5,TRUE,8/11/2021 0:00,2695.79,8,
131,8/10/2021,3,FALSE,8/11/2021 0:00,29879.87,8,
126,8/9/2021,2,TRUE,8/12/2021 0:00,3655.46,6,
121,8/2/2021,2,TRUE,8/12/2021 0:00,4303.66,7,
132,8/11/2021,5,TRUE,8/16/2021 0:00,4192.84,6,
134,8/13/2021,2,TRUE,8/16/2021 0:00,3395.16,8,
130,8/9/2021,1,TRUE,8/17/2021 0:00,5149.99,7,
136,8/16/2021,2,FALSE,8/18/2021 0:00,3279.48,7,
135,8/16/2021,1,TRUE,8/19/2021 0:00,4527.55,6,
124,8/5/2021,4,FALSE,8/19/2021 0:00,2666.09,7,
127,8/9/2021,1,TRUE,8/19/2021 0:00,2859.65,7,
137,8/16/2021,3,FALSE,8/20/2021 0:00,4214.14,8,
133,8/12/2021,5,TRUE,8/21/2021 0:00,3477.56,7,
138,8/16/2021,4,TRUE,8/23/2021 0:00,3214.22,8,
140,8/19/2021,4,TRUE,8/23/2021 0:00,4653.12,8,
141,8/23/2021,3,TRUE,8/24/2021 0:00,3548.34,6,
144,8/23/2021,1,FALSE,8/26/2021 0:00,4764.27,6,
147,8/25/2021,5,FALSE,8/27/2021 0:00,14002.94,6,
143,8/23/2021,4,TRUE,8/27/2021 0:00,4222.79,8,
139,8/19/2021,4,TRUE,8/28/2021 0:00,3570.3,7,
146,8/25/2021,1,FALSE,8/31/2021 0:00,4764.82,8,
149,8/30/2021,2,TRUE,9/2/2021 0:00,2347.68,8,
155,8/31/2021,5,FALSE,9/2/2021 0:00,4093.66,8,
150,8/30/2021,5,TRUE,9/3/2021 0:00,4983.31,6,
153,8/30/2021,4,TRUE,9/3/2021 0:00,4317.08,6,
152,8/30/2021,4,TRUE,9/3/2021 0:00,3865.82,8,
142,8/23/2021,3,TRUE,9/4/2021 0:00,3041.16,7,
148,8/26/2021,4,FALSE,9/4/2021 0:00,3347.15,7,
156,9/1/2021,3,TRUE,9/6/2021 0:00,3661.89,6,
159,9/2/2021,4,TRUE,9/6/2021 0:00,2619.5,6,
162,9/3/2021,1,FALSE,9/6/2021 0:00,3899.24,6,
145,8/24/2021,4,TRUE,9/6/2021 0:00,7859.61,7,
160,9/2/2021,2,FALSE,9/7/2021 0:00,4613.23,7,
158,9/2/2021,3,TRUE,9/7/2021 0:00,3897.28,8,
161,9/3/2021,1,TRUE,9/7/2021 0:00,4173.76,8,
165,9/6/2021,5,FALSE,9/9/2021 0:00,3429.72,6,
151,8/30/2021,2,TRUE,9/9/2021 0:00,3640.23,7,
164,9/6/2021,5,TRUE,9/9/2021 0:00,2887.15,8,
167,9/8/2021,5,FALSE,9/10/2021 0:00,5145.15,8,
163,9/6/2021,5,TRUE,9/11/2021 0:00,3051.09,7,
166,9/6/2021,2,TRUE,9/11/2021 0:00,3663.38,7,
157,9/2/2021,2,FALSE,9/12/2021 0:00,3740.59,7,
169,9/10/2021,4,FALSE,9/12/2021 0:00,16984.68,7,
168,9/9/2021,1,FALSE,9/13/2021 0:00,2944.99,6,
154,8/31/2021,2,TRUE,9/14/2021 0:00,3031.45,7,
170,9/13/2021,5,FALSE,9/16/2021 0:00,3027.1,8,
171,9/13/2021,3,TRUE,9/20/2021 0:00,3668.64,6,
174,9/17/2021,4,FALSE,9/20/2021 0:00,5632.07,6,
178,9/20/2021,4,FALSE,9/21/2021 0:00,4119.39,7,
173,9/17/2021,3,FALSE,9/21/2021 0:00,2775.56,8,
177,9/20/2021,2,TRUE,9/22/2021 0:00,5090.55,6,
176,9/20/2021,1,TRUE,9/23/2021 0:00,4723.36,8,
179,9/21/2021,5,TRUE,9/23/2021 0:00,3931.53,8,
172,9/16/2021,5,FALSE,9/24/2021 0:00,3588.8,7,
180,9/21/2021,1,TRUE,9/27/2021 0:00,4801.02,6,
183,9/23/2021,4,TRUE,9/27/2021 0:00,4197.63,6,
175,9/17/2021,2,TRUE,9/27/2021 0:00,4264.34,7,
182,9/23/2021,1,TRUE,9/27/2021 0:00,4363.38,8,
186,9/27/2021,3,TRUE,10/1/2021 0:00,3835.12,6,
189,9/29/2021,2,TRUE,10/4/2021 0:00,4132.09,6,
192,10/1/2021,1,FALSE,10/4/2021 0:00,3032.79,6,
184,9/24/2021,5,TRUE,10/4/2021 0:00,2713.09,7,
185,9/27/2021,4,TRUE,10/4/2021 0:00,4439.2,8,
188,9/29/2021,3,TRUE,10/4/2021 0:00,4862.14,8,
191,10/1/2021,2,TRUE,10/4/2021 0:00,4517.92,8,
181,9/22/2021,5,TRUE,10/6/2021 0:00,3629.04,7,
194,10/4/2021,5,TRUE,10/7/2021 0:00,3140.08,8,
195,10/4/2021,3,FALSE,10/8/2021 0:00,5577.76,6,
190,10/1/2021,2,TRUE,10/8/2021 0:00,24270.64,7,
197,10/6/2021,2,TRUE,10/8/2021 0:00,2888.22,8,
187,9/28/2021,5,TRUE,10/10/2021 0:00,3248.1,7,
202,10/8/2021,3,TRUE,10/10/2021 0:00,4767.12,7,
198,10/7/2021,2,FALSE,10/11/2021 0:00,3590.93,6,
193,10/4/2021,2,TRUE,10/11/2021 0:00,16104.15,8,
200,10/7/2021,1,TRUE,10/11/2021 0:00,2959.75,8,
201,10/8/2021,5,TRUE,10/12/2021 0:00,3750.86,6,
203,10/8/2021,3,FALSE,10/12/2021 0:00,4190.37,8,
204,10/11/2021,4,FALSE,10/13/2021 0:00,5939.11,6,
206,10/11/2021,1,FALSE,10/14/2021 0:00,4283.08,8,
207,10/13/2021,4,TRUE,10/15/2021 0:00,5065.75,6,
210,10/14/2021,2,TRUE,10/18/2021 0:00,4153.9,6,
209,10/14/2021,5,FALSE,10/18/2021 0:00,3342.64,8,
196,10/4/2021,4,FALSE,10/19/2021 0:00,3776.51,7,
208,10/13/2021,3,TRUE,10/21/2021 0:00,3493.31,7,
212,10/19/2021,4,FALSE,10/21/2021 0:00,2515.47,8,
199,10/7/2021,2,FALSE,10/22/2021 0:00,5043.34,7,
205,10/11/2021,5,TRUE,10/22/2021 0:00,5128.45,7,
213,10/19/2021,1,TRUE,10/25/2021 0:00,3909.98,6,
215,10/21/2021,1,TRUE,10/25/2021 0:00,4301.02,8,
216,10/25/2021,4,TRUE,10/28/2021 0:00,1772.15,6,
217,10/25/2021,5,TRUE,10/28/2021 0:00,4485.74,7,
218,10/26/2021,3,TRUE,10/29/2021 0:00,6720.58,8,
219,10/27/2021,4,TRUE,11/1/2021 0:00,1803.11,6,
211,10/18/2021,4,FALSE,11/1/2021 0:00,2804.08,7,
221,10/29/2021,4,FALSE,11/1/2021 0:00,3820.28,8,
222,11/1/2021,1,TRUE,11/3/2021 0:00,3873.05,6,
214,10/19/2021,5,FALSE,11/3/2021 0:00,3164.44,7,
225,11/1/2021,2,FALSE,11/4/2021 0:00,3024.37,6,
220,10/27/2021,3,FALSE,11/4/2021 0:00,1925.23,7,
223,11/1/2021,5,FALSE,11/4/2021 0:00,2740.95,7,
224,11/1/2021,1,TRUE,11/4/2021 0:00,3842.65,8,
226,11/2/2021,5,FALSE,11/5/2021 0:00,6200.03,7,
228,11/3/2021,4,TRUE,11/8/2021 0:00,5594.73,6,
231,11/5/2021,2,TRUE,11/8/2021 0:00,3271.56,8,
227,11/2/2021,4,TRUE,11/8/2021 0:00,4495.45,8,
230,11/5/2021,4,TRUE,11/9/2021 0:00,3021.9,8,
233,11/8/2021,1,FALSE,11/9/2021 0:00,5757.33,8,
234,11/8/2021,5,TRUE,11/11/2021 0:00,3869.61,6,
235,11/10/2021,5,TRUE,11/11/2021 0:00,4287.71,7,
229,11/4/2021,4,TRUE,11/12/2021 0:00,4115.73,7,
237,11/11/2021,4,TRUE,11/15/2021 0:00,6239.45,6,
236,11/11/2021,3,TRUE,11/16/2021 0:00,4534.26,8,
239,11/12/2021,5,TRUE,11/16/2021 0:00,3657.73,8,
238,11/12/2021,5,TRUE,11/17/2021 0:00,4158.5,7,
240,11/15/2021,5,TRUE,11/19/2021 0:00,2302.22,6,
232,11/8/2021,3,TRUE,11/21/2021 0:00,4243.14,7,
243,11/17/2021,5,FALSE,11/22/2021 0:00,4098.67,6,
247,11/19/2021,1,TRUE,11/22/2021 0:00,2686.85,7,
242,11/16/2021,2,TRUE,11/22/2021 0:00,4180.98,8,
245,11/18/2021,3,TRUE,11/22/2021 0:00,3601.07,8,
246,11/19/2021,5,FALSE,11/23/2021 0:00,3771.31,6,
244,11/18/2021,1,TRUE,11/24/2021 0:00,4697.8,7,
248,11/22/2021,3,FALSE,11/25/2021 0:00,4509.32,8,
249,11/22/2021,1,TRUE,11/26/2021 0:00,2204.23,6,
252,11/25/2021,5,TRUE,11/29/2021 0:00,3877.36,6,
254,11/26/2021,2,TRUE,11/29/2021 0:00,3599.52,8,
241,11/16/2021,5,FALSE,11/30/2021 0:00,3493.62,7,
251,11/25/2021,3,FALSE,11/30/2021 0:00,3728.23,8,
255,11/26/2021,2,TRUE,12/1/2021 0:00,3168.49,6,
258,11/29/2021,1,FALSE,12/1/2021 0:00,4624.42,6,
257,11/29/2021,1,FALSE,12/3/2021 0:00,5019.35,8,
265,12/3/2021,3,TRUE,12/5/2021 0:00,33803.4,7,
261,12/1/2021,5,FALSE,12/6/2021 0:00,3045.67,6,
264,12/3/2021,4,TRUE,12/6/2021 0:00,3818.68,6,
260,12/1/2021,3,TRUE,12/6/2021 0:00,5288.02,8,
263,12/3/2021,3,FALSE,12/6/2021 0:00,3962.31,8,
266,12/3/2021,2,FALSE,12/6/2021 0:00,2602.36,8,
256,11/29/2021,5,TRUE,12/8/2021 0:00,2587.23,7,
273,12/7/2021,1,FALSE,12/9/2021 0:00,3442.52,6,
262,12/2/2021,5,FALSE,12/9/2021 0:00,3217.62,7,
272,12/7/2021,1,TRUE,12/9/2021 0:00,3508.14,8,
267,12/6/2021,3,TRUE,12/10/2021 0:00,4666.45,6,
270,12/6/2021,2,FALSE,12/10/2021 0:00,4230.34,6,
276,12/9/2021,4,FALSE,12/10/2021 0:00,3648.04,6,
250,11/25/2021,5,TRUE,12/10/2021 0:00,3613.9,7,
253,11/26/2021,2,TRUE,12/10/2021 0:00,5434.82,7,
269,12/6/2021,3,TRUE,12/10/2021 0:00,4030.65,8,
268,12/6/2021,4,FALSE,12/11/2021 0:00,2892.55,7,
271,12/7/2021,5,TRUE,12/13/2021 0:00,4017.74,7,
278,12/10/2021,4,TRUE,12/13/2021 0:00,3850.21,8,
275,12/9/2021,5,TRUE,12/14/2021 0:00,4284.73,8,
279,12/13/2021,5,TRUE,12/15/2021 0:00,3796.05,6,
259,11/30/2021,2,TRUE,12/15/2021 0:00,2877.42,7,
283,12/13/2021,1,TRUE,12/15/2021 0:00,3153.72,7,
281,12/13/2021,4,TRUE,12/15/2021 0:00,2831.22,8,
282,12/13/2021,5,TRUE,12/17/2021 0:00,3593.85,6,
277,12/9/2021,5,FALSE,12/17/2021 0:00,4654.89,7,
280,12/13/2021,5,TRUE,12/17/2021 0:00,4066.31,7,
274,12/9/2021,1,FALSE,12/18/2021 0:00,3588.91,7,
285,12/15/2021,2,TRUE,12/20/2021 0:00,3562.26,6,
288,12/17/2021,5,TRUE,12/20/2021 0:00,2798.24,6,
284,12/15/2021,3,TRUE,12/20/2021 0:00,3399.01,8,
287,12/17/2021,1,TRUE,12/20/2021 0:00,3928.33,8,
290,12/17/2021,5,FALSE,12/20/2021 0:00,4166.46,8,
291,12/20/2021,1,FALSE,12/23/2021 0:00,2967.71,6,
297,12/20/2021,4,FALSE,12/24/2021 0:00,3484.99,6,
293,12/20/2021,4,TRUE,12/24/2021 0:00,4218,8,
296,12/20/2021,2,TRUE,12/24/2021 0:00,2713.7,8,
299,12/21/2021,3,TRUE,12/24/2021 0:00,4860.14,8,
300,12/22/2021,4,TRUE,12/27/2021 0:00,4076.19,6,
303,12/24/2021,2,TRUE,12/27/2021 0:00,3556.56,6,
298,12/21/2021,1,TRUE,12/27/2021 0:00,4073.81,7,
294,12/20/2021,4,TRUE,12/27/2021 0:00,4126.44,8,
302,12/24/2021,2,TRUE,12/27/2021 0:00,4502.34,8,
289,12/17/2021,2,TRUE,12/28/2021 0:00,4247.29,7,
301,12/24/2021,5,FALSE,12/29/2021 0:00,4008.85,7,
304,12/27/2021,5,TRUE,12/29/2021 0:00,2364.2,7,
305,12/27/2021,5,TRUE,12/30/2021 0:00,3716.23,8,
306,12/27/2021,5,FALSE,12/31/2021 0:00,3143.29,6,
309,12/29/2021,2,TRUE,12/31/2021 0:00,4099.71,6,
307,12/28/2021,2,TRUE,12/31/2021 0:00,3137.26,7,
308,12/28/2021,4,FALSE,12/31/2021 0:00,4304.23,8,
286,12/17/2021,5,TRUE,1/1/2022 0:00,3639.98,7,3765.98
292,12/20/2021,5,TRUE,1/1/2022 0:00,4496.73,7,4624.73
312,12/30/2021,4,TRUE,1/3/2022 0:00,6383.15,6,6583.15
295,12/20/2021,2,FALSE,1/3/2022 0:00,5177.65,7,5201.65
315,12/31/2021,5,TRUE,1/3/2022 0:00,2398.79,8,2558.79
314,12/30/2021,2,TRUE,1/3/2022 0:00,5076.7,8,5206.7
311,12/30/2021,1,TRUE,1/4/2022 0:00,5021.86,8,5110.86
318,1/3/2022,5,FALSE,1/6/2022 0:00,3342.15,6,3365.15
322,1/6/2022,3,TRUE,1/7/2022 0:00,8725.28,7,8916.28
317,1/3/2022,5,TRUE,1/7/2022 0:00,2707.17,8,2755.17
313,12/30/2021,1,TRUE,1/8/2022 0:00,4342.31,7,4529.31
321,1/5/2022,1,FALSE,1/10/2022 0:00,4077.81,6,4116.81
324,1/7/2022,3,FALSE,1/10/2022 0:00,3959.88,6,4054.88
323,1/6/2022,2,TRUE,1/10/2022 0:00,4950.15,8,5030.15
320,1/5/2022,1,TRUE,1/11/2022 0:00,2752.58,8,2776.58
330,1/10/2022,5,TRUE,1/13/2022 0:00,4223.77,6,4383.77
310,12/29/2021,2,FALSE,1/13/2022 0:00,4971.99,7,5112.99
328,1/10/2022,3,TRUE,1/13/2022 0:00,3430.87,8,3629.87
326,1/10/2022,3,FALSE,1/13/2022 0:00,2863.94,8,3008.94
327,1/10/2022,3,FALSE,1/14/2022 0:00,3782.6,6,3808.6
329,1/10/2022,2,TRUE,1/14/2022 0:00,4681.43,8,4762.43
319,1/4/2022,2,TRUE,1/16/2022 0:00,4314.92,7,4419.92
333,1/12/2022,2,TRUE,1/17/2022 0:00,3147.25,6,3338.25
316,1/3/2022,3,FALSE,1/17/2022 0:00,3653.26,7,3692.26
340,1/14/2022,5,TRUE,1/17/2022 0:00,4120.53,7,4130.53
332,1/12/2022,4,FALSE,1/17/2022 0:00,2351.85,8,2383.85
335,1/12/2022,5,TRUE,1/17/2022 0:00,4668.92,8,4795.92
338,1/13/2022,2,FALSE,1/17/2022 0:00,4514.84,8,4542.84
341,1/14/2022,1,TRUE,1/17/2022 0:00,3366.4,8,3401.4
336,1/13/2022,5,TRUE,1/18/2022 0:00,3866.7,6,3987.7
339,1/13/2022,2,TRUE,1/18/2022 0:00,5365.68,6,5453.68
345,1/17/2022,3,FALSE,1/19/2022 0:00,4231.08,6,4287.08
342,1/17/2022,5,TRUE,1/21/2022 0:00,2205.94,6,2336.94
348,1/17/2022,3,TRUE,1/21/2022 0:00,3173.31,6,3270.31
344,1/17/2022,3,TRUE,1/21/2022 0:00,2638.8,8,2691.8
347,1/17/2022,3,TRUE,1/21/2022 0:00,4393.23,8,4526.23
325,1/7/2022,1,TRUE,1/22/2022 0:00,4142.1,7,4306.1
331,1/10/2022,2,TRUE,1/23/2022 0:00,3344.98,7,3511.98
334,1/12/2022,3,TRUE,1/23/2022 0:00,4561.53,7,4612.53
337,1/13/2022,5,FALSE,1/23/2022 0:00,5046.16,7,5125.16
352,1/20/2022,2,TRUE,1/23/2022 0:00,4935.98,7,5002.98
351,1/20/2022,2,FALSE,1/24/2022 0:00,6383.95,6,6408.95
354,1/20/2022,3,TRUE,1/24/2022 0:00,26567.53,6,26646.53
355,1/20/2022,3,TRUE,1/24/2022 0:00,3367.92,7,3421.92
350,1/19/2022,2,TRUE,1/24/2022 0:00,4335.46,8,4422.46
356,1/21/2022,2,FALSE,1/24/2022 0:00,4283.67,8,4414.67
357,1/21/2022,4,FALSE,1/25/2022 0:00,4665.59,6,4837.59
349,1/19/2022,1,TRUE,1/25/2022 0:00,4689.29,7,4740.29
353,1/20/2022,2,FALSE,1/25/2022 0:00,4550.69,8,4633.69
360,1/24/2022,5,TRUE,1/26/2022 0:00,4244.24,6,4286.24
359,1/24/2022,2,TRUE,1/27/2022 0:00,3167.87,8,3245.87
343,1/17/2022,3,TRUE,1/29/2022 0:00,3691.96,7,3807.96
361,1/24/2022,3,FALSE,1/29/2022 0:00,2145.19,7,2200.19
346,1/17/2022,5,FALSE,1/31/2022 0:00,14422.38,7,14547.38
362,1/26/2022,2,FALSE,1/31/2022 0:00,4452.65,8,4600.65
363,1/27/2022,5,FALSE,2/1/2022 0:00,51827.27,6,51942.27
365,1/28/2022,2,TRUE,2/1/2022 0:00,4120.42,8,4299.42
373,2/1/2022,3,TRUE,2/3/2022 0:00,4137.11,7,4138.11
371,1/31/2022,2,TRUE,2/3/2022 0:00,2649.25,8,2653.25
366,1/31/2022,2,TRUE,2/4/2022 0:00,1431.8,6,1448.8
369,1/31/2022,5,TRUE,2/4/2022 0:00,2433.97,6,2457.97
372,1/31/2022,4,TRUE,2/4/2022 0:00,4853.41,6,4961.41
358,1/24/2022,2,FALSE,2/4/2022 0:00,2895.1,7,3008.1
368,1/31/2022,5,TRUE,2/4/2022 0:00,3028.64,8,3060.64
364,1/28/2022,3,FALSE,2/6/2022 0:00,4146.76,7,4286.76
375,2/2/2022,4,FALSE,2/7/2022 0:00,3588.54,6,3597.54
374,2/2/2022,5,TRUE,2/7/2022 0:00,2533.18,8,2720.18
378,2/4/2022,3,FALSE,2/8/2022 0:00,4065.44,6,4218.44
376,2/4/2022,2,TRUE,2/8/2022 0:00,5138.37,7,5318.37
382,2/7/2022,1,TRUE,2/8/2022 0:00,2880.11,7,2913.11
377,2/4/2022,3,TRUE,2/8/2022 0:00,4437.42,8,4538.42
370,1/31/2022,4,FALSE,2/9/2022 0:00,4162.88,7,4310.88
380,2/7/2022,3,TRUE,2/9/2022 0:00,4058.2,8,4067.2
383,2/7/2022,3,TRUE,2/9/2022 0:00,3150.51,8,3333.51
381,2/7/2022,2,FALSE,2/10/2022 0:00,3805.84,6,3862.84
384,2/7/2022,4,TRUE,2/10/2022 0:00,3981.77,6,4164.77
388,2/8/2022,5,TRUE,2/10/2022 0:00,2572.94,7,2612.94
389,2/8/2022,5,TRUE,2/10/2022 0:00,2486.08,8,2520.08
379,2/7/2022,5,FALSE,2/11/2022 0:00,2094.33,7,2230.33
387,2/8/2022,5,TRUE,2/14/2022 0:00,3621.38,6,3820.38
390,2/8/2022,1,TRUE,2/14/2022 0:00,4134.74,6,4188.74
367,1/31/2022,5,TRUE,2/14/2022 0:00,3778.24,7,3894.24
386,2/8/2022,1,FALSE,2/14/2022 0:00,4395.06,8,4516.06
392,2/10/2022,1,TRUE,2/14/2022 0:00,2270.27,8,2357.27
393,2/11/2022,3,FALSE,2/15/2022 0:00,3633.57,6,3737.57
394,2/11/2022,3,TRUE,2/16/2022 0:00,4809.05,7,4942.05
396,2/14/2022,1,FALSE,2/17/2022 0:00,4279.46,6,4453.46
399,2/14/2022,5,TRUE,2/17/2022 0:00,3476,6,3524
391,2/9/2022,3,TRUE,2/17/2022 0:00,6218.75,7,6400.75
398,2/14/2022,4,TRUE,2/17/2022 0:00,4147.36,8,4194.36
401,2/16/2022,2,TRUE,2/18/2022 0:00,5436.83,8,5488.83
397,2/14/2022,5,TRUE,2/19/2022 0:00,2434.25,7,2455.25
402,2/16/2022,4,TRUE,2/21/2022 0:00,3352.56,8,3492.56
395,2/14/2022,5,TRUE,2/21/2022 0:00,4697.43,8,4888.43
400,2/15/2022,5,TRUE,2/22/2022 0:00,3823.76,7,3980.76
404,2/17/2022,3,TRUE,2/22/2022 0:00,3067.43,8,3155.43
407,2/18/2022,1,TRUE,2/22/2022 0:00,3038.29,8,3126.29
405,2/18/2022,4,TRUE,2/23/2022 0:00,4772.43,6,4864.43
411,2/21/2022,2,TRUE,2/23/2022 0:00,2547.43,6,2571.43
403,2/17/2022,1,TRUE,2/23/2022 0:00,3581.8,7,3636.8
406,2/18/2022,5,TRUE,2/23/2022 0:00,3170.23,7,3316.23
408,2/21/2022,5,FALSE,2/24/2022 0:00,5346.55,6,5426.55
410,2/21/2022,1,TRUE,2/25/2022 0:00,4540.56,8,4646.56
385,2/7/2022,4,TRUE,2/26/2022 0:00,3372.81,7,3376.81
414,2/23/2022,3,TRUE,2/28/2022 0:00,3504.02,6,3575.02
417,2/24/2022,5,TRUE,2/28/2022 0:00,5730.94,6,5758.94
420,2/24/2022,4,TRUE,2/28/2022 0:00,6593.4,6,6716.4
423,2/24/2022,1,TRUE,2/28/2022 0:00,4666.62,6,4805.62
415,2/23/2022,3,FALSE,2/28/2022 0:00,3378.93,7,3436.93
418,2/24/2022,2,TRUE,2/28/2022 0:00,3671.51,7,3813.51
413,2/22/2022,1,FALSE,2/28/2022 0:00,26661.04,8,26775.04
416,2/24/2022,3,TRUE,2/28/2022 0:00,5818.09,8,5884.09
419,2/24/2022,4,TRUE,2/28/2022 0:00,3044.04,8,3236.04
422,2/24/2022,2,FALSE,2/28/2022 0:00,2891,8,2992
409,2/21/2022,3,FALSE,3/1/2022 0:00,3453.53,7,3489.53
429,2/28/2022,5,TRUE,3/2/2022 0:00,2773.16,6,2836.16
427,2/28/2022,3,TRUE,3/2/2022 0:00,3806.14,7,3955.14
426,2/28/2022,5,TRUE,3/3/2022 0:00,4285.86,6,4367.86
432,2/28/2022,3,TRUE,3/3/2022 0:00,3721.42,6,3729.42
421,2/24/2022,2,FALSE,3/3/2022 0:00,4053.33,7,4095.33
431,2/28/2022,5,TRUE,3/3/2022 0:00,2503.57,8,2629.57
412,2/21/2022,2,FALSE,3/4/2022 0:00,4913.11,7,5084.11
425,2/28/2022,1,TRUE,3/4/2022 0:00,4193.1,8,4390.1
428,2/28/2022,5,FALSE,3/4/2022 0:00,5296.94,8,5300.94
434,3/2/2022,3,TRUE,3/4/2022 0:00,3313.45,8,3392.45
424,2/25/2022,2,TRUE,3/6/2022 0:00,3246.15,7,3421.15
435,3/2/2022,3,FALSE,3/7/2022 0:00,5088.98,6,5203.98
438,3/3/2022,3,FALSE,3/7/2022 0:00,3953.45,6,4119.45
444,3/4/2022,4,TRUE,3/7/2022 0:00,3573.11,6,3735.11
437,3/3/2022,2,FALSE,3/7/2022 0:00,4303.32,8,4402.32
440,3/3/2022,4,TRUE,3/7/2022 0:00,3411.67,8,3504.67
441,3/4/2022,2,FALSE,3/8/2022 0:00,4003.82,6,4102.82
439,3/3/2022,2,TRUE,3/8/2022 0:00,4182.21,7,4205.21
436,3/3/2022,4,TRUE,3/9/2022 0:00,6556.82,7,6755.82
443,3/4/2022,1,TRUE,3/9/2022 0:00,2718.61,8,2823.61
447,3/7/2022,4,FALSE,3/10/2022 0:00,4689.43,6,4782.43
433,3/2/2022,3,TRUE,3/10/2022 0:00,4675.33,7,4795.33
442,3/4/2022,5,FALSE,3/10/2022 0:00,2033.19,7,2211.19
450,3/7/2022,5,TRUE,3/11/2022 0:00,4089.88,6,4110.88
446,3/7/2022,5,TRUE,3/11/2022 0:00,2320.45,8,2358.45
449,3/7/2022,5,TRUE,3/11/2022 0:00,27859.19,8,27926.19
458,3/10/2022,1,TRUE,3/11/2022 0:00,3097.24,8,3181.24
430,2/28/2022,2,TRUE,3/12/2022 0:00,3340.59,7,3400.59
453,3/9/2022,5,TRUE,3/14/2022 0:00,4847.15,6,4920.15
456,3/10/2022,4,FALSE,3/14/2022 0:00,5663.37,6,5672.37
459,3/10/2022,2,TRUE,3/14/2022 0:00,4796.2,6,4821.2
462,3/11/2022,4,FALSE,3/14/2022 0:00,4324.88,6,4462.88
452,3/8/2022,5,FALSE,3/14/2022 0:00,6478.97,8,6642.97
455,3/9/2022,2,FALSE,3/14/2022 0:00,3826.22,8,3972.22
445,3/7/2022,2,FALSE,3/15/2022 0:00,3249.04,7,3313.04
448,3/7/2022,1,FALSE,3/15/2022 0:00,3621.99,7,3711.99
461,3/11/2022,4,TRUE,3/15/2022 0:00,4551.98,8,4684.98
468,3/14/2022,1,FALSE,3/16/2022 0:00,3727.16,6,3836.16
464,3/14/2022,4,TRUE,3/17/2022 0:00,4922.3,8,5096.3
467,3/14/2022,4,FALSE,3/17/2022 0:00,5221.72,8,5333.72
465,3/14/2022,4,FALSE,3/18/2022 0:00,3669.47,6,3735.47
460,3/11/2022,3,FALSE,3/18/2022 0:00,3057.21,7,3160.21
451,3/8/2022,4,TRUE,3/20/2022 0:00,3501.09,7,3637.09
457,3/10/2022,5,TRUE,3/20/2022 0:00,3001.14,7,3014.14
472,3/17/2022,3,TRUE,3/20/2022 0:00,21550.83,7,21584.83
471,3/16/2022,3,FALSE,3/21/2022 0:00,4701.27,6,4876.27
474,3/17/2022,5,FALSE,3/21/2022 0:00,10701.72,6,10894.72
470,3/16/2022,3,TRUE,3/21/2022 0:00,4219.79,8,4259.79
473,3/17/2022,5,TRUE,3/21/2022 0:00,3488.75,8,3630.75
454,3/9/2022,5,TRUE,3/23/2022 0:00,4714.77,7,4751.77
469,3/14/2022,2,FALSE,3/23/2022 0:00,6951.99,7,6966.99
477,3/21/2022,2,TRUE,3/24/2022 0:00,3706.81,6,3847.81
463,3/14/2022,2,FALSE,3/24/2022 0:00,4829.06,7,5024.06
481,3/23/2022,4,TRUE,3/24/2022 0:00,3207.67,7,3286.67
479,3/21/2022,5,TRUE,3/24/2022 0:00,4097.76,8,4208.76
480,3/23/2022,2,TRUE,3/25/2022 0:00,4209.09,6,4250.09
478,3/21/2022,3,TRUE,3/25/2022 0:00,4927.22,7,5033.22
484,3/24/2022,2,FALSE,3/25/2022 0:00,5878.3,7,5895.3
476,3/21/2022,3,TRUE,3/25/2022 0:00,3826.37,8,3836.37
466,3/14/2022,1,FALSE,3/27/2022 0:00,3404.99,7,3411.99
475,3/18/2022,5,TRUE,3/27/2022 0:00,3770.48,7,3794.48
483,3/24/2022,4,TRUE,3/29/2022 0:00,5446.86,6,5618.86
486,3/25/2022,4,TRUE,3/29/2022 0:00,3914.63,6,3941.63
482,3/24/2022,5,FALSE,3/29/2022 0:00,3647.92,8,3748.92
485,3/24/2022,3,TRUE,3/29/2022 0:00,4493.29,8,4494.29
488,3/25/2022,5,TRUE,3/29/2022 0:00,4395.96,8,4586.96
489,3/25/2022,4,TRUE,3/30/2022 0:00,3505.94,6,3516.94
492,3/28/2022,1,FALSE,3/30/2022 0:00,3472.02,6,3569.02
490,3/25/2022,1,TRUE,3/31/2022 0:00,3650.06,7,3816.06
493,3/28/2022,3,TRUE,3/31/2022 0:00,6556.31,8,6718.31
495,3/28/2022,4,FALSE,4/1/2022 0:00,5666.76,6,5620.76
498,3/30/2022,5,FALSE,4/1/2022 0:00,2048.13,6,1865.13
491,3/28/2022,1,FALSE,4/1/2022 0:00,1587.13,8,1241.13
497,3/28/2022,3,TRUE,4/1/2022 0:00,2842.07,8,2762.07
501,3/30/2022,2,TRUE,4/4/2022 0:00,2586.62,6,2111.62
504,4/1/2022,5,FALSE,4/4/2022 0:00,4726.33,6,4388.33
499,3/30/2022,2,TRUE,4/4/2022 0:00,4530.9,7,4217.9
494,3/28/2022,1,TRUE,4/4/2022 0:00,2080.08,8,2048.08
500,3/30/2022,2,TRUE,4/4/2022 0:00,2283.27,8,2109.27
506,4/1/2022,3,TRUE,4/4/2022 0:00,4103.56,8,3849.56
507,4/1/2022,2,TRUE,4/5/2022 0:00,3801.6,6,3792.6
503,3/31/2022,5,TRUE,4/5/2022 0:00,6807.57,8,6651.57
513,4/4/2022,3,TRUE,4/6/2022 0:00,3206.43,6,2961.43
487,3/25/2022,1,TRUE,4/7/2022 0:00,4513.43,7,4071.43
509,4/4/2022,2,TRUE,4/7/2022 0:00,3005.64,8,2514.64
510,4/4/2022,1,TRUE,4/8/2022 0:00,4149.67,6,4074.67
502,3/31/2022,5,TRUE,4/8/2022 0:00,4168.95,7,4146.95
505,4/1/2022,4,TRUE,4/8/2022 0:00,3444.41,7,3052.41
512,4/4/2022,5,FALSE,4/8/2022 0:00,3270.6,8,3082.6
496,3/28/2022,2,TRUE,4/10/2022 0:00,3557.79,7,3201.79
516,4/7/2022,4,TRUE,4/11/2022 0:00,2009.71,8,1867.71
515,4/6/2022,1,TRUE,4/11/2022 0:00,3160.73,8,2727.73
514,4/5/2022,2,TRUE,4/13/2022 0:00,80814.02,7,80808.02
522,4/11/2022,1,TRUE,4/14/2022 0:00,3500.84,6,3460.84
525,4/11/2022,5,TRUE,4/14/2022 0:00,3404.01,6,3399.01
519,4/11/2022,1,FALSE,4/15/2022 0:00,3408.74,6,3179.74
511,4/4/2022,4,FALSE,4/15/2022 0:00,3156,7,2981
517,4/8/2022,3,FALSE,4/15/2022 0:00,3552.46,7,3543.46
524,4/11/2022,5,TRUE,4/15/2022 0:00,4140.09,8,3766.09
533,4/14/2022,2,TRUE,4/15/2022 0:00,2895.13,8,2735.13
508,4/4/2022,1,TRUE,4/16/2022 0:00,3114.78,7,2948.78
523,4/11/2022,2,FALSE,4/16/2022 0:00,4320.81,7,4023.81
541,4/15/2022,2,TRUE,4/16/2022 0:00,3584.99,7,3286.99
528,4/13/2022,4,TRUE,4/18/2022 0:00,4616.86,6,4325.86
531,4/14/2022,4,TRUE,4/18/2022 0:00,2953.6,6,2515.6
537,4/15/2022,5,FALSE,4/18/2022 0:00,3209.89,6,3095.89
540,4/15/2022,3,TRUE,4/18/2022 0:00,2754.97,8,2564.97
518,4/11/2022,5,TRUE,4/18/2022 0:00,2812.59,8,2432.59
521,4/11/2022,4,TRUE,4/18/2022 0:00,4119.72,8,3653.72
527,4/13/2022,1,FALSE,4/18/2022 0:00,1746.15,8,1428.15
530,4/14/2022,1,TRUE,4/18/2022 0:00,3768.15,8,3669.15
536,4/14/2022,4,TRUE,4/18/2022 0:00,2575.37,8,2325.37
539,4/15/2022,3,FALSE,4/18/2022 0:00,3342.81,8,2844.81
534,4/14/2022,3,FALSE,4/19/2022 0:00,3684.48,6,3287.48
535,4/14/2022,2,TRUE,4/19/2022 0:00,3821.32,7,3450.32
542,4/15/2022,1,FALSE,4/20/2022 0:00,5091.38,8,4954.38
544,4/18/2022,2,TRUE,4/21/2022 0:00,4951.62,7,4900.62
543,4/18/2022,4,TRUE,4/22/2022 0:00,2467.9,6,2411.9
546,4/18/2022,1,FALSE,4/22/2022 0:00,4320.89,6,3898.89
552,4/20/2022,2,TRUE,4/22/2022 0:00,1943.11,6,1782.11
532,4/14/2022,4,TRUE,4/22/2022 0:00,4306.33,7,4229.33
545,4/18/2022,2,FALSE,4/22/2022 0:00,3218.82,8,3214.82
548,4/18/2022,3,TRUE,4/22/2022 0:00,2100.21,8,1798.21
547,4/18/2022,3,FALSE,4/23/2022 0:00,4416.21,7,3954.21
526,4/12/2022,4,TRUE,4/24/2022 0:00,12960.32,7,12646.32
538,4/15/2022,1,FALSE,4/24/2022 0:00,1986.65,7,1861.65
549,4/19/2022,1,TRUE,4/25/2022 0:00,2097.29,6,1918.29
558,4/21/2022,1,TRUE,4/25/2022 0:00,2590,6,2126
561,4/22/2022,4,FALSE,4/25/2022 0:00,118771.43,6,118412.43
551,4/20/2022,4,TRUE,4/25/2022 0:00,4196.96,8,3803.96
554,4/21/2022,2,FALSE,4/25/2022 0:00,3860.06,8,3540.06
557,4/21/2022,4,TRUE,4/25/2022 0:00,2813.25,8,2588.25
563,4/22/2022,3,FALSE,4/25/2022 0:00,2115.16,8,1763.16
555,4/21/2022,2,TRUE,4/26/2022 0:00,2549.68,6,2129.68
520,4/11/2022,3,TRUE,4/26/2022 0:00,3694.49,7,3580.49
562,4/22/2022,2,TRUE,4/26/2022 0:00,2827.57,7,2471.57
560,4/22/2022,4,TRUE,4/26/2022 0:00,2670.06,8,2384.06
564,4/25/2022,1,TRUE,4/28/2022 0:00,3279.1,6,3087.1
567,4/25/2022,3,FALSE,4/28/2022 0:00,2870.67,6,2672.67
529,4/13/2022,5,FALSE,4/28/2022 0:00,3954.89,7,3708.89
566,4/25/2022,1,TRUE,4/28/2022 0:00,3554.83,8,3342.83
570,4/26/2022,4,TRUE,4/29/2022 0:00,4908.72,6,4446.72
559,4/22/2022,2,TRUE,4/29/2022 0:00,3187.6,7,3174.6
569,4/26/2022,1,TRUE,4/29/2022 0:00,4207.08,8,3720.08
553,4/21/2022,2,TRUE,4/30/2022 0:00,2533.69,7,2466.69
571,4/26/2022,5,FALSE,4/30/2022 0:00,4804.46,7,4480.46
573,4/26/2022,1,TRUE,5/2/2022 0:00,2891.27,6,2517.27
576,4/28/2022,2,TRUE,5/2/2022 0:00,947.11,6,623.11
572,4/26/2022,5,TRUE,5/2/2022 0:00,2359.75,8,2133.75
575,4/27/2022,1,FALSE,5/2/2022 0:00,2411.7,8,2039.7
579,4/29/2022,3,TRUE,5/3/2022 0:00,2853.4,6,2849.4
550,4/19/2022,4,FALSE,5/3/2022 0:00,3348.38,7,3227.38
568,4/26/2022,2,TRUE,5/3/2022 0:00,5345.15,7,5202.15
583,5/2/2022,3,TRUE,5/3/2022 0:00,5561.53,7,5144.53
578,4/29/2022,4,TRUE,5/3/2022 0:00,1903.8,8,1769.8
582,5/2/2022,4,TRUE,5/5/2022 0:00,4096.13,6,3942.13
588,5/3/2022,4,FALSE,5/5/2022 0:00,18637.7,6,18177.7
577,4/29/2022,3,TRUE,5/5/2022 0:00,3074.27,7,3046.27
581,5/2/2022,1,TRUE,5/5/2022 0:00,1137.9,8,745.9
584,5/2/2022,5,TRUE,5/5/2022 0:00,2943.03,8,2746.03
585,5/2/2022,2,TRUE,5/6/2022 0:00,3481.02,6,3064.02
556,4/21/2022,5,FALSE,5/6/2022 0:00,3644.91,7,3461.91
587,5/2/2022,5,TRUE,5/6/2022 0:00,3498.92,8,3167.92
593,5/5/2022,5,FALSE,5/6/2022 0:00,2584.18,8,2226.18
565,4/25/2022,3,TRUE,5/7/2022 0:00,4331.86,7,4191.86
592,5/5/2022,5,FALSE,5/7/2022 0:00,2695.36,7,2561.36
580,5/2/2022,5,TRUE,5/8/2022 0:00,6593.06,7,6464.06
591,5/4/2022,3,FALSE,5/9/2022 0:00,3431.45,6,3383.45
594,5/5/2022,3,TRUE,5/9/2022 0:00,2831.16,6,2467.16
597,5/6/2022,1,TRUE,5/9/2022 0:00,3782.21,6,3306.21
590,5/3/2022,5,TRUE,5/9/2022 0:00,4142.5,8,3668.5
586,5/2/2022,1,FALSE,5/10/2022 0:00,4201.02,7,3778.02
595,5/5/2022,2,TRUE,5/10/2022 0:00,26603.78,7,26168.78
598,5/9/2022,3,TRUE,5/10/2022 0:00,2772.76,7,2381.76
596,5/6/2022,1,TRUE,5/10/2022 0:00,4099.98,8,3731.98
574,4/27/2022,4,FALSE,5/11/2022 0:00,2805.63,7,2410.63
602,5/9/2022,5,TRUE,5/11/2022 0:00,2252.76,8,2202.76
606,5/10/2022,1,FALSE,5/12/2022 0:00,2575.97,6,2196.97
600,5/9/2022,4,FALSE,5/13/2022 0:00,2615.73,6,2179.73
603,5/9/2022,4,TRUE,5/13/2022 0:00,3621.48,6,3171.48
589,5/3/2022,1,TRUE,5/13/2022 0:00,4453.42,7,4238.42
599,5/9/2022,3,FALSE,5/13/2022 0:00,3069.24,8,3010.24
613,5/13/2022,4,TRUE,5/14/2022 0:00,2886.31,7,2447.31
610,5/12/2022,1,FALSE,5/15/2022 0:00,4455.9,7,4085.9
609,5/12/2022,3,FALSE,5/16/2022 0:00,2341.3,6,2131.3
612,5/12/2022,4,TRUE,5/16/2022 0:00,3821.72,6,3503.72
615,5/13/2022,1,FALSE,5/16/2022 0:00,3803.57,6,3748.57
605,5/10/2022,2,TRUE,5/16/2022 0:00,3233.12,8,2794.12
608,5/11/2022,3,TRUE,5/16/2022 0:00,1888.11,8,1671.11
611,5/12/2022,3,TRUE,5/16/2022 0:00,41991.79,8,41729.79
614,5/13/2022,1,FALSE,5/16/2022 0:00,4282.41,8,4103.41
618,5/16/2022,4,TRUE,5/17/2022 0:00,2602.41,6,2202.41
617,5/13/2022,2,TRUE,5/17/2022 0:00,3984.81,8,3795.81
626,5/16/2022,4,FALSE,5/17/2022 0:00,2658.47,8,2185.47
630,5/16/2022,3,FALSE,5/18/2022 0:00,4251.44,6,4045.44
629,5/16/2022,4,FALSE,5/18/2022 0:00,4017.27,8,3773.27
621,5/16/2022,5,FALSE,5/19/2022 0:00,3148.55,6,2854.55
624,5/16/2022,3,TRUE,5/19/2022 0:00,4333.86,6,4124.86
627,5/16/2022,3,TRUE,5/19/2022 0:00,3377.03,6,3311.03
623,5/16/2022,5,FALSE,5/19/2022 0:00,3379.55,8,3253.55
632,5/17/2022,4,TRUE,5/19/2022 0:00,4662.05,8,4366.05
607,5/11/2022,5,FALSE,5/20/2022 0:00,3602.15,7,3492.15
628,5/16/2022,1,TRUE,5/20/2022 0:00,1899.57,7,1467.57
620,5/16/2022,2,TRUE,5/20/2022 0:00,2941.52,8,2899.52
633,5/18/2022,4,TRUE,5/23/2022 0:00,3043.58,6,2839.58
636,5/19/2022,5,TRUE,5/23/2022 0:00,4559.44,6,4318.44
601,5/9/2022,5,TRUE,5/23/2022 0:00,3501.98,7,3102.98
619,5/16/2022,3,TRUE,5/23/2022 0:00,2684.51,7,2484.51
622,5/16/2022,3,TRUE,5/23/2022 0:00,4385.17,7,4135.17
635,5/19/2022,3,TRUE,5/23/2022 0:00,82639.99,8,82614.99
638,5/19/2022,4,FALSE,5/23/2022 0:00,4255.58,8,4250.58
639,5/20/2022,5,FALSE,5/24/2022 0:00,3292.6,6,3036.6
604,5/9/2022,3,FALSE,5/24/2022 0:00,2953.75,7,2574.75
625,5/16/2022,4,TRUE,5/24/2022 0:00,3966.19,7,3503.19
631,5/17/2022,2,FALSE,5/24/2022 0:00,4376.64,7,4258.64
648,5/23/2022,1,FALSE,5/25/2022 0:00,4885.63,6,4429.63
616,5/13/2022,1,TRUE,5/25/2022 0:00,3029.71,7,2575.71
640,5/20/2022,3,FALSE,5/25/2022 0:00,2403.18,7,2335.18
641,5/23/2022,2,FALSE,5/25/2022 0:00,3099.6,8,3033.6
644,5/23/2022,1,FALSE,5/25/2022 0:00,2196.21,8,1806.21
652,5/24/2022,5,TRUE,5/26/2022 0:00,2493.26,7,2017.26
651,5/24/2022,3,TRUE,5/26/2022 0:00,2877.82,8,2571.82
646,5/23/2022,5,TRUE,5/26/2022 0:00,3052.48,8,2919.48
647,5/23/2022,2,TRUE,5/26/2022 0:00,2157.74,8,1969.74
642,5/23/2022,3,TRUE,5/27/2022 0:00,9611.3,6,9253.3
645,5/23/2022,4,TRUE,5/27/2022 0:00,3492.27,6,3275.27
654,5/25/2022,2,TRUE,5/27/2022 0:00,3570.74,6,3457.74
634,5/18/2022,4,TRUE,5/27/2022 0:00,4027.96,7,3619.96
650,5/24/2022,3,FALSE,5/27/2022 0:00,2614.84,8,2542.84
657,5/26/2022,4,TRUE,5/30/2022 0:00,2017.61,6,1575.61
653,5/25/2022,1,TRUE,5/30/2022 0:00,3924.27,8,3920.27
656,5/26/2022,2,TRUE,5/30/2022 0:00,4601.32,8,4580.32
659,5/27/2022,5,TRUE,5/30/2022 0:00,3646.04,8,3522.04
660,5/30/2022,4,TRUE,6/1/2022 0:00,2843.68,6,2480.68
649,5/24/2022,5,TRUE,6/1/2022 0:00,2881.93,7,2817.93
643,5/23/2022,5,TRUE,6/2/2022 0:00,3773.94,7,3606.94
661,5/30/2022,3,TRUE,6/2/2022 0:00,3898.53,7,3485.53
662,5/30/2022,4,TRUE,6/2/2022 0:00,3652.15,8,3188.15
665,5/30/2022,3,FALSE,6/2/2022 0:00,5997.9,8,5750.9
663,5/30/2022,4,FALSE,6/3/2022 0:00,5724.91,6,5448.91
637,5/19/2022,4,TRUE,6/3/2022 0:00,5115.27,7,4788.27
658,5/26/2022,2,TRUE,6/4/2022 0:00,3495.99,7,3195.99
655,5/26/2022,4,TRUE,6/5/2022 0:00,4544.04,7,4047.04
666,5/31/2022,5,TRUE,6/6/2022 0:00,2772,6,2576
669,6/1/2022,5,TRUE,6/6/2022 0:00,3906.96,6,3673.96
672,6/2/2022,5,TRUE,6/6/2022 0:00,3597.68,8,3253.68
668,6/1/2022,2,FALSE,6/6/2022 0:00,2696.13,8,2350.13
671,6/2/2022,1,TRUE,6/6/2022 0:00,8403.88,8,8078.88
674,6/2/2022,4,FALSE,6/6/2022 0:00,3530.69,8,3326.69
675,6/3/2022,2,TRUE,6/7/2022 0:00,2836.51,6,2509.51
678,6/3/2022,5,FALSE,6/7/2022 0:00,4000.54,6,3554.54
677,6/3/2022,4,FALSE,6/7/2022 0:00,2990.58,8,2544.58
683,6/6/2022,1,TRUE,6/7/2022 0:00,1766.28,8,1699.28
687,6/6/2022,3,TRUE,6/8/2022 0:00,5229.29,6,4840.29
681,6/6/2022,3,TRUE,6/9/2022 0:00,2085.59,6,1993.59
684,6/6/2022,3,TRUE,6/9/2022 0:00,2598.62,6,2123.62
690,6/6/2022,4,TRUE,6/9/2022 0:00,3745.83,6,3351.83
670,6/2/2022,1,FALSE,6/9/2022 0:00,2779.79,7,2302.79
673,6/2/2022,5,TRUE,6/9/2022 0:00,3052.52,7,2672.52
686,6/6/2022,5,TRUE,6/9/2022 0:00,3974.44,8,3592.44
689,6/6/2022,5,TRUE,6/9/2022 0:00,4214.89,8,3774.89
680,6/6/2022,3,TRUE,6/10/2022 0:00,8380.08,8,8119.08
667,5/31/2022,5,FALSE,6/11/2022 0:00,3406.06,7,2925.06
676,6/3/2022,1,FALSE,6/11/2022 0:00,3862.5,7,3586.5
700,6/10/2022,5,TRUE,6/11/2022 0:00,2912.89,7,2531.89
682,6/6/2022,2,TRUE,6/12/2022 0:00,2703.42,7,2672.42
691,6/7/2022,2,TRUE,6/12/2022 0:00,3168.54,7,2827.54
694,6/8/2022,3,TRUE,6/12/2022 0:00,3589.55,7,3513.55
693,6/8/2022,4,TRUE,6/13/2022 0:00,2773.11,6,2461.11
696,6/8/2022,4,TRUE,6/13/2022 0:00,3803.54,6,3782.54
699,6/9/2022,4,TRUE,6/13/2022 0:00,3974.49,6,3686.49
692,6/7/2022,4,TRUE,6/13/2022 0:00,5946.79,8,5633.79
695,6/8/2022,1,TRUE,6/13/2022 0:00,2442.57,8,2405.57
698,6/9/2022,4,TRUE,6/13/2022 0:00,2787.76,8,2552.76
664,5/30/2022,5,TRUE,6/14/2022 0:00,2551.49,7,2266.49
709,6/13/2022,2,TRUE,6/14/2022 0:00,4198.97,7,4168.97
708,6/13/2022,4,FALSE,6/15/2022 0:00,3350.99,6,3163.99
703,6/13/2022,3,TRUE,6/15/2022 0:00,4361.16,7,4186.16
701,6/13/2022,2,FALSE,6/15/2022 0:00,5227.9,8,4951.9
707,6/13/2022,2,TRUE,6/15/2022 0:00,3684.28,8,3529.28
710,6/13/2022,3,TRUE,6/15/2022 0:00,4408.41,8,4136.41
688,6/6/2022,5,TRUE,6/16/2022 0:00,3122.25,7,3045.25
704,6/13/2022,4,FALSE,6/16/2022 0:00,8601.92,8,8271.92
711,6/13/2022,3,TRUE,6/17/2022 0:00,3375.18,6,3097.18
679,6/6/2022,5,TRUE,6/18/2022 0:00,2012.9,7,1873.9
685,6/6/2022,1,FALSE,6/18/2022 0:00,2909.21,7,2817.21
697,6/9/2022,5,TRUE,6/18/2022 0:00,3451.24,7,3179.24
706,6/13/2022,3,FALSE,6/18/2022 0:00,4433.02,7,4361.02
715,6/16/2022,1,TRUE,6/19/2022 0:00,3903.42,7,3826.42
702,6/13/2022,4,TRUE,6/20/2022 0:00,1646.29,6,1425.29
705,6/13/2022,4,FALSE,6/20/2022 0:00,4590.73,6,4198.73
714,6/15/2022,4,TRUE,6/20/2022 0:00,3029.89,6,2837.89
717,6/17/2022,2,TRUE,6/20/2022 0:00,5339.05,6,5309.05
713,6/15/2022,4,FALSE,6/20/2022 0:00,3111.47,8,2702.47
716,6/16/2022,2,FALSE,6/20/2022 0:00,4116.42,8,3616.42
722,6/17/2022,5,FALSE,6/20/2022 0:00,3214.81,8,3061.81
720,6/17/2022,5,TRUE,6/21/2022 0:00,3960.12,6,3773.12
719,6/17/2022,2,FALSE,6/21/2022 0:00,3515.67,8,3326.67
723,6/17/2022,4,TRUE,6/22/2022 0:00,2718.46,6,2462.46
726,6/20/2022,4,FALSE,6/22/2022 0:00,4507.57,6,4279.57
718,6/17/2022,1,TRUE,6/22/2022 0:00,1309.42,7,987.42
729,6/20/2022,4,TRUE,6/23/2022 0:00,2298.6,6,2024.6
712,6/14/2022,3,FALSE,6/23/2022 0:00,2662.59,7,2223.59
721,6/17/2022,4,TRUE,6/23/2022 0:00,3224.62,7,2825.62
728,6/20/2022,1,FALSE,6/23/2022 0:00,3457.12,8,3063.12
731,6/20/2022,3,FALSE,6/23/2022 0:00,3370.97,8,2883.97
732,6/20/2022,2,FALSE,6/24/2022 0:00,5809.29,6,5520.29
724,6/17/2022,2,TRUE,6/24/2022 0:00,27729.52,7,27668.52
725,6/20/2022,5,TRUE,6/24/2022 0:00,2212.83,8,1718.83
730,6/20/2022,1,FALSE,6/25/2022 0:00,2855.18,7,2756.18
735,6/22/2022,5,TRUE,6/27/2022 0:00,3968.22,6,3861.22
741,6/23/2022,2,FALSE,6/27/2022 0:00,4132.31,6,4115.31
750,6/24/2022,5,TRUE,6/27/2022 0:00,3159.49,6,2995.49
748,6/24/2022,3,TRUE,6/27/2022 0:00,2429.39,7,2396.39
734,6/22/2022,4,TRUE,6/27/2022 0:00,3590.45,8,3263.45
737,6/23/2022,5,TRUE,6/27/2022 0:00,2316.8,8,2120.8
740,6/23/2022,5,TRUE,6/27/2022 0:00,2990.53,8,2839.53
743,6/23/2022,2,FALSE,6/27/2022 0:00,3322.65,8,3105.65
738,6/23/2022,4,TRUE,6/28/2022 0:00,3530.6,6,3078.6
744,6/24/2022,5,FALSE,6/28/2022 0:00,2992.43,6,2652.43
747,6/24/2022,1,TRUE,6/28/2022 0:00,1876.11,6,1400.11
749,6/24/2022,2,TRUE,6/28/2022 0:00,2547.99,8,2487.99
760,6/27/2022,1,FALSE,6/29/2022 0:00,3192.14,7,2916.14
746,6/24/2022,4,TRUE,6/29/2022 0:00,1437.63,8,1394.63
753,6/27/2022,4,TRUE,6/30/2022 0:00,4174.03,6,3735.03
759,6/27/2022,3,FALSE,6/30/2022 0:00,2015.49,6,1766.49
751,6/27/2022,4,TRUE,6/30/2022 0:00,2566.32,8,2563.32
755,6/27/2022,2,FALSE,6/30/2022 0:00,5221.03,8,5058.03
756,6/27/2022,3,TRUE,7/1/2022 0:00,3223.74,6,3031.74
733,6/21/2022,2,TRUE,7/1/2022 0:00,3919.98,7,3867.98
758,6/27/2022,1,TRUE,7/1/2022 0:00,5897.47,8,5706.47
764,6/28/2022,4,TRUE,7/1/2022 0:00,5316.49,8,5150.49
752,6/27/2022,3,FALSE,7/1/2022 0:00,166.04,8,49.04
754,6/27/2022,3,TRUE,7/2/2022 0:00,4899.68,7,4894.68
769,6/30/2022,3,FALSE,7/2/2022 0:00,4152.29,7,4117.29
736,6/23/2022,4,TRUE,7/3/2022 0:00,292.55,7,144.55
742,6/23/2022,2,TRUE,7/3/2022 0:00,4892.85,7,4888.85
762,6/28/2022,2,TRUE,7/4/2022 0:00,2228.83,6,2162.83
765,6/29/2022,1,TRUE,7/4/2022 0:00,6659.19,6,6633.19
768,6/30/2022,4,TRUE,7/4/2022 0:00,1723.68,6,1583.68
771,6/30/2022,4,TRUE,7/4/2022 0:00,1811.6,6,1656.6
761,6/28/2022,4,TRUE,7/4/2022 0:00,4625.58,8,4526.58
767,6/29/2022,2,TRUE,7/4/2022 0:00,7372.89,8,7332.89
727,6/20/2022,5,FALSE,7/4/2022 0:00,1676.42,7,1579.42
770,6/30/2022,3,FALSE,7/4/2022 0:00,5743.16,8,5649.16
773,7/1/2022,4,FALSE,7/4/2022 0:00,113.91,8,43.91
763,6/28/2022,5,TRUE,7/5/2022 0:00,3867.43,7,3752.43
775,7/4/2022,5,FALSE,7/5/2022 0:00,4876.8,7,4733.8
766,6/29/2022,4,TRUE,7/6/2022 0:00,1262.4,7,1161.4
780,7/4/2022,4,TRUE,7/7/2022 0:00,4433.83,6,4250.83
783,7/5/2022,2,TRUE,7/7/2022 0:00,6080.44,6,5964.44
739,6/23/2022,4,TRUE,7/7/2022 0:00,3186.62,7,3089.62
757,6/27/2022,2,TRUE,7/7/2022 0:00,5525.17,7,5356.17
772,7/1/2022,4,TRUE,7/7/2022 0:00,6243.44,7,6220.44
781,7/4/2022,1,TRUE,7/7/2022 0:00,-101.15,7,-136.15
782,7/4/2022,4,TRUE,7/7/2022 0:00,1729.69,8,1543.69
778,7/4/2022,3,FALSE,7/7/2022 0:00,7367.45,7,7259.45
779,7/4/2022,3,FALSE,7/7/2022 0:00,1667.83,8,1503.83
774,7/4/2022,2,FALSE,7/8/2022 0:00,5403.3,6,5292.3
777,7/4/2022,1,TRUE,7/8/2022 0:00,5875.73,6,5684.73
776,7/4/2022,2,TRUE,7/8/2022 0:00,5619.24,8,5569.24
785,7/5/2022,5,TRUE,7/8/2022 0:00,6638.73,8,6445.73
745,6/24/2022,5,FALSE,7/8/2022 0:00,2323.31,7,2305.31
786,7/6/2022,3,TRUE,7/11/2022 0:00,-169.22,6,-188.22
788,7/7/2022,2,TRUE,7/11/2022 0:00,4019.74,8,3844.74
789,7/7/2022,5,FALSE,7/12/2022 0:00,1370.09,6,1287.09
790,7/8/2022,1,TRUE,7/12/2022 0:00,4440.11,7,4257.11
791,7/8/2022,4,TRUE,7/12/2022 0:00,4023.97,8,3878.97
795,7/11/2022,1,TRUE,7/13/2022 0:00,3528.95,6,3489.95
797,7/11/2022,4,FALSE,7/13/2022 0:00,6698.78,8,6574.78
792,7/11/2022,4,TRUE,7/14/2022 0:00,2381.22,6,2211.22
784,7/5/2022,5,TRUE,7/14/2022 0:00,3507.08,7,3325.08
796,7/11/2022,4,TRUE,7/14/2022 0:00,7383.49,7,7252.49
798,7/11/2022,4,FALSE,7/15/2022 0:00,3667.15,6,3627.15
794,7/11/2022,3,TRUE,7/15/2022 0:00,2037.5,8,1917.5
809,7/14/2022,4,TRUE,7/15/2022 0:00,5098.36,8,5076.36
801,7/13/2022,5,FALSE,7/18/2022 0:00,6874.3,6,6710.3
810,7/15/2022,5,FALSE,7/18/2022 0:00,6308.88,6,6212.88
804,7/14/2022,1,TRUE,7/18/2022 0:00,6566.75,6,6494.75
807,7/14/2022,3,TRUE,7/18/2022 0:00,1115.23,6,983.23
802,7/13/2022,3,TRUE,7/18/2022 0:00,3543.29,7,3397.29
800,7/12/2022,5,TRUE,7/18/2022 0:00,1786.97,8,1733.97
803,7/13/2022,4,TRUE,7/18/2022 0:00,3170.21,8,2974.21
806,7/14/2022,4,TRUE,7/18/2022 0:00,6641.6,8,6546.6
787,7/6/2022,2,TRUE,7/19/2022 0:00,4504.11,7,4361.11
793,7/11/2022,3,FALSE,7/19/2022 0:00,7205.79,7,7012.79
799,7/11/2022,4,FALSE,7/19/2022 0:00,3710.35,7,3583.35
812,7/18/2022,2,TRUE,7/20/2022 0:00,3962.81,8,3834.81
813,7/18/2022,5,FALSE,7/22/2022 0:00,3821.71,6,3771.71
815,7/18/2022,4,TRUE,7/22/2022 0:00,4432.21,8,4430.21
805,7/14/2022,4,FALSE,7/23/2022 0:00,3719.56,7,3530.56
820,7/21/2022,5,FALSE,7/24/2022 0:00,6264.08,7,6260.08
816,7/21/2022,2,TRUE,7/25/2022 0:00,4485.85,6,4478.85
819,7/21/2022,2,TRUE,7/25/2022 0:00,3477.93,6,3374.93
818,7/21/2022,5,TRUE,7/25/2022 0:00,6550.05,8,6496.05
826,7/22/2022,2,FALSE,7/25/2022 0:00,1709,7,1699
821,7/21/2022,2,FALSE,7/25/2022 0:00,2545.9,8,2440.9
814,7/18/2022,5,FALSE,7/26/2022 0:00,5834.36,7,5643.36
825,7/22/2022,2,FALSE,7/27/2022 0:00,2287.11,6,2171.11
822,7/22/2022,4,TRUE,7/27/2022 0:00,2024.31,6,1862.31
831,7/25/2022,5,TRUE,7/27/2022 0:00,3469.75,6,3427.75
837,7/25/2022,4,TRUE,7/27/2022 0:00,2359.92,8,2213.92
824,7/22/2022,3,TRUE,7/27/2022 0:00,1961.3,8,1872.3
811,7/18/2022,2,FALSE,7/27/2022 0:00,4982.44,7,4799.44
823,7/22/2022,5,TRUE,7/28/2022 0:00,1343.81,7,1207.81
836,7/25/2022,4,TRUE,7/28/2022 0:00,390.99,8,328.99
808,7/14/2022,2,FALSE,7/28/2022 0:00,964.96,7,776.96
830,7/25/2022,5,FALSE,7/28/2022 0:00,5773.74,8,5695.74
828,7/25/2022,1,FALSE,7/29/2022 0:00,2134.57,6,2006.57
834,7/25/2022,2,FALSE,7/29/2022 0:00,3234.27,6,3107.27
840,7/25/2022,2,FALSE,7/29/2022 0:00,1639.01,6,1615.01
839,7/25/2022,3,TRUE,7/29/2022 0:00,4869.08,8,4858.08
832,7/25/2022,3,TRUE,7/30/2022 0:00,7254.08,7,7218.08
829,7/25/2022,2,TRUE,7/31/2022 0:00,2385.97,7,2361.97
835,7/25/2022,4,FALSE,7/31/2022 0:00,807.05,7,723.05
843,7/27/2022,4,TRUE,8/1/2022 0:00,5467.36,6,5458.36
853,7/29/2022,3,TRUE,8/1/2022 0:00,670.19,8,532.19
833,7/25/2022,1,TRUE,8/1/2022 0:00,2891.75,8,2696.75
848,7/28/2022,3,TRUE,8/1/2022 0:00,1723.74,8,1694.74
827,7/25/2022,5,FALSE,8/1/2022 0:00,5845.32,8,5837.32
842,7/27/2022,1,FALSE,8/1/2022 0:00,1877.48,8,1689.48
845,7/28/2022,5,FALSE,8/1/2022 0:00,-23.59,8,-51.59
854,7/29/2022,2,FALSE,8/1/2022 0:00,555.59,8,430.59
852,7/29/2022,2,FALSE,8/2/2022 0:00,5030.61,6,4908.61
846,7/28/2022,5,TRUE,8/2/2022 0:00,1199.82,6,1137.82
849,7/28/2022,3,TRUE,8/2/2022 0:00,3521.16,6,3346.16
817,7/21/2022,3,TRUE,8/2/2022 0:00,3328.41,7,3149.41
844,7/28/2022,4,TRUE,8/2/2022 0:00,5096.58,7,5046.58
863,8/1/2022,4,TRUE,8/2/2022 0:00,4564.84,8,4473.84
855,7/29/2022,5,FALSE,8/3/2022 0:00,891.4,6,885.4
841,7/26/2022,4,TRUE,8/3/2022 0:00,6035.22,7,6019.22
851,7/29/2022,4,TRUE,8/3/2022 0:00,5801.35,8,5788.35
860,8/1/2022,4,TRUE,8/3/2022 0:00,2973.12,8,2805.12
858,8/1/2022,4,TRUE,8/4/2022 0:00,2385.17,6,2308.17
864,8/1/2022,2,TRUE,8/4/2022 0:00,3693.08,6,3655.08
847,7/28/2022,1,TRUE,8/4/2022 0:00,2230.16,7,2066.16
857,8/1/2022,5,FALSE,8/4/2022 0:00,3110.73,8,3057.73
861,8/1/2022,5,FALSE,8/5/2022 0:00,5658.48,6,5488.48
865,8/2/2022,5,TRUE,8/5/2022 0:00,2320.71,7,2243.71
862,8/1/2022,1,TRUE,8/7/2022 0:00,1787.19,7,1598.19
873,8/5/2022,5,FALSE,8/8/2022 0:00,4073.2,6,3990.2
867,8/3/2022,5,TRUE,8/8/2022 0:00,3454.09,6,3415.09
870,8/4/2022,3,TRUE,8/8/2022 0:00,6982.67,6,6904.67
866,8/2/2022,3,TRUE,8/8/2022 0:00,2234.16,8,2130.16
869,8/3/2022,3,TRUE,8/8/2022 0:00,4594.9,8,4439.9
872,8/4/2022,3,TRUE,8/8/2022 0:00,4208.45,8,4025.45
876,8/5/2022,3,TRUE,8/9/2022 0:00,6119.86,6,6099.86
838,7/25/2022,3,TRUE,8/9/2022 0:00,6992.07,7,6838.07
874,8/5/2022,5,TRUE,8/9/2022 0:00,266.03,7,208.03
883,8/8/2022,3,TRUE,8/9/2022 0:00,5009.39,7,4875.39
875,8/5/2022,4,FALSE,8/9/2022 0:00,5725.44,8,5687.44
859,8/1/2022,2,TRUE,8/10/2022 0:00,961.03,7,907.03
871,8/4/2022,1,TRUE,8/10/2022 0:00,2979.29,7,2807.29
879,8/8/2022,5,FALSE,8/11/2022 0:00,5707.25,6,5531.25
882,8/8/2022,3,FALSE,8/11/2022 0:00,6826.71,6,6688.71
850,7/29/2022,1,FALSE,8/11/2022 0:00,6335.5,7,6158.5
881,8/8/2022,4,TRUE,8/11/2022 0:00,2810.28,8,2736.28
878,8/8/2022,5,FALSE,8/11/2022 0:00,3972.46,8,3950.46
888,8/10/2022,5,TRUE,8/12/2022 0:00,2697.14,6,2525.14
884,8/8/2022,1,TRUE,8/12/2022 0:00,5098.13,8,4961.13
895,8/12/2022,3,TRUE,8/13/2022 0:00,1346.15,7,1290.15
856,8/1/2022,5,FALSE,8/14/2022 0:00,3079.68,7,2996.68
868,8/3/2022,5,TRUE,8/14/2022 0:00,2061.3,7,1915.3
880,8/8/2022,2,FALSE,8/15/2022 0:00,1404.46,7,1297.46
885,8/8/2022,4,TRUE,8/15/2022 0:00,3049.82,6,2936.82
891,8/11/2022,3,TRUE,8/15/2022 0:00,2087.73,6,1944.73
894,8/12/2022,4,TRUE,8/15/2022 0:00,1492.97,6,1376.97
887,8/9/2022,1,TRUE,8/15/2022 0:00,2256.29,8,2211.29
890,8/11/2022,1,FALSE,8/15/2022 0:00,4777.68,8,4701.68
896,8/12/2022,1,FALSE,8/16/2022 0:00,5255.78,8,5127.78
900,8/15/2022,1,FALSE,8/17/2022 0:00,1344.65,6,1163.65
909,8/15/2022,3,TRUE,8/17/2022 0:00,3742.59,6,3625.59
893,8/12/2022,5,FALSE,8/17/2022 0:00,4391.72,8,4390.72
906,8/15/2022,2,FALSE,8/18/2022 0:00,6603.41,6,6511.41
897,8/15/2022,4,TRUE,8/18/2022 0:00,2438.04,6,2319.04
910,8/16/2022,3,FALSE,8/18/2022 0:00,6511.23,7,6372.23
886,8/9/2022,3,TRUE,8/18/2022 0:00,5204.55,7,5141.55
899,8/15/2022,3,TRUE,8/18/2022 0:00,4300.66,8,4259.66
903,8/15/2022,2,FALSE,8/19/2022 0:00,2527.98,6,2498.98
905,8/15/2022,5,TRUE,8/19/2022 0:00,4547.17,8,4475.17
877,8/8/2022,4,FALSE,8/20/2022 0:00,4789.7,7,4739.7
921,8/19/2022,1,FALSE,8/22/2022 0:00,5151.65,6,5119.65
892,8/12/2022,3,FALSE,8/22/2022 0:00,7299.6,7,7281.6
912,8/17/2022,2,TRUE,8/22/2022 0:00,659.41,6,638.41
915,8/18/2022,5,TRUE,8/22/2022 0:00,1891.89,6,1863.89
902,8/15/2022,4,TRUE,8/22/2022 0:00,1553.28,8,1382.28
914,8/17/2022,1,TRUE,8/22/2022 0:00,4996.66,8,4797.66
917,8/18/2022,4,TRUE,8/22/2022 0:00,483.23,8,392.23
908,8/15/2022,3,FALSE,8/22/2022 0:00,3236.61,8,3148.61
911,8/16/2022,5,FALSE,8/22/2022 0:00,3317.81,8,3221.81
920,8/19/2022,5,FALSE,8/22/2022 0:00,3106.47,8,2929.47
898,8/15/2022,5,FALSE,8/23/2022 0:00,4404.8,7,4370.8
918,8/18/2022,2,TRUE,8/23/2022 0:00,4058.76,6,3920.76
889,8/10/2022,5,TRUE,8/23/2022 0:00,1953.73,7,1753.73
913,8/17/2022,5,FALSE,8/24/2022 0:00,4616.23,7,4491.23
927,8/22/2022,2,FALSE,8/25/2022 0:00,7033.97,6,6862.97
930,8/22/2022,3,TRUE,8/25/2022 0:00,4477.48,6,4304.48
923,8/22/2022,3,TRUE,8/25/2022 0:00,5594.71,8,5403.71
926,8/22/2022,3,TRUE,8/25/2022 0:00,2345.11,8,2294.11
929,8/22/2022,2,TRUE,8/26/2022 0:00,1491.4,8,1309.4
932,8/24/2022,2,TRUE,8/26/2022 0:00,2095.08,8,2077.08
904,8/15/2022,1,TRUE,8/27/2022 0:00,2822.19,7,2742.19
907,8/15/2022,4,TRUE,8/27/2022 0:00,2023.31,7,2004.31
919,8/19/2022,5,TRUE,8/27/2022 0:00,5780.71,7,5653.71
924,8/22/2022,1,FALSE,8/29/2022 0:00,1785.96,6,1702.96
916,8/18/2022,4,FALSE,8/29/2022 0:00,6961.11,7,6877.11
933,8/24/2022,5,TRUE,8/29/2022 0:00,1437.32,6,1357.32
936,8/25/2022,4,TRUE,8/29/2022 0:00,4994.68,6,4889.68
925,8/22/2022,2,TRUE,8/29/2022 0:00,7087.89,7,7009.89
931,8/24/2022,4,TRUE,8/29/2022 0:00,5245.73,7,5232.73
935,8/25/2022,4,TRUE,8/29/2022 0:00,5643.8,8,5473.8
901,8/15/2022,2,FALSE,8/30/2022 0:00,7550.44,7,7428.44
928,8/22/2022,4,FALSE,8/30/2022 0:00,7182.96,7,7168.96
934,8/25/2022,2,FALSE,8/31/2022 0:00,3452.53,7,3358.53
942,8/29/2022,1,TRUE,8/31/2022 0:00,5896.3,6,5737.3
939,8/29/2022,2,FALSE,9/1/2022 0:00,3536.37,6,3508.37
945,8/29/2022,5,FALSE,9/1/2022 0:00,2891.22,6,2740.22
922,8/22/2022,1,FALSE,9/1/2022 0:00,6210.22,7,6020.22
944,8/29/2022,2,TRUE,9/1/2022 0:00,6247.46,8,6208.46
938,8/29/2022,5,FALSE,9/1/2022 0:00,1148.65,8,1034.65
941,8/29/2022,2,FALSE,9/1/2022 0:00,2726.05,8,2638.05
948,8/30/2022,2,TRUE,9/2/2022 0:00,558.34,6,501.34
951,8/30/2022,3,TRUE,9/2/2022 0:00,4306.38,6,4284.38
955,9/1/2022,5,TRUE,9/2/2022 0:00,2107.86,7,1920.86
949,8/30/2022,3,TRUE,9/3/2022 0:00,-511.28,7,-544.28
954,9/1/2022,4,TRUE,9/5/2022 0:00,5874.95,6,5825.95
957,9/1/2022,3,TRUE,9/5/2022 0:00,4472.24,6,4397.24
937,8/26/2022,4,TRUE,9/5/2022 0:00,3017.15,7,2862.15
947,8/30/2022,1,TRUE,9/5/2022 0:00,5556.81,8,5365.81
953,9/1/2022,5,TRUE,9/5/2022 0:00,5718.22,8,5596.22
959,9/2/2022,1,TRUE,9/5/2022 0:00,5382.77,8,5319.77
962,9/2/2022,4,TRUE,9/5/2022 0:00,1193.55,8,1131.55
950,8/30/2022,4,FALSE,9/5/2022 0:00,2873.18,8,2681.18
963,9/2/2022,4,FALSE,9/6/2022 0:00,2079.78,6,1881.78
940,8/29/2022,5,FALSE,9/6/2022 0:00,890.25,7,849.25
960,9/2/2022,5,TRUE,9/6/2022 0:00,4558.02,6,4505.02
956,9/1/2022,1,TRUE,9/6/2022 0:00,1958.29,8,1933.29
969,9/5/2022,5,FALSE,9/8/2022 0:00,3191.47,6,3121.47
943,8/29/2022,5,FALSE,9/8/2022 0:00,4682.53,7,4564.53
972,9/5/2022,1,TRUE,9/8/2022 0:00,5835.34,6,5760.34
974,9/6/2022,5,TRUE,9/8/2022 0:00,5800.06,8,5784.06
966,9/5/2022,4,TRUE,9/9/2022 0:00,3878.87,6,3840.87
971,9/5/2022,1,TRUE,9/9/2022 0:00,1451.06,8,1324.06
980,9/7/2022,4,TRUE,9/9/2022 0:00,4785.26,8,4604.26
965,9/5/2022,2,FALSE,9/9/2022 0:00,4451.47,8,4267.47
968,9/5/2022,5,FALSE,9/9/2022 0:00,6523.02,8,6489.02
946,8/29/2022,3,FALSE,9/10/2022 0:00,970.33,7,962.33
982,9/8/2022,5,TRUE,9/10/2022 0:00,5124.12,7,4995.12
952,8/31/2022,5,TRUE,9/11/2022 0:00,6120.52,7,5958.52
985,9/8/2022,1,TRUE,9/11/2022 0:00,2419.09,7,2340.09
975,9/6/2022,3,FALSE,9/12/2022 0:00,2652.59,6,2465.59
978,9/7/2022,2,FALSE,9/12/2022 0:00,3383.99,6,3270.99
981,9/8/2022,2,FALSE,9/12/2022 0:00,4828.21,6,4732.21
958,9/1/2022,2,FALSE,9/12/2022 0:00,6118.34,7,5965.34
967,9/5/2022,5,FALSE,9/12/2022 0:00,1705.17,7,1572.17
990,9/9/2022,3,TRUE,9/12/2022 0:00,2153.29,6,2044.29
984,9/8/2022,2,TRUE,9/12/2022 0:00,1019.06,8,827.06
987,9/8/2022,1,TRUE,9/12/2022 0:00,2067.24,8,2064.24
976,9/6/2022,3,TRUE,9/12/2022 0:00,139.81,8,2.81
977,9/7/2022,4,TRUE,9/12/2022 0:00,7284.21,8,7199.21
983,9/8/2022,1,TRUE,9/12/2022 0:00,1062.82,8,975.82
986,9/8/2022,2,TRUE,9/13/2022 0:00,3157.36,8,3142.36
989,9/9/2022,5,FALSE,9/13/2022 0:00,1474.77,8,1319.77
993,9/12/2022,2,TRUE,9/15/2022 0:00,4283.55,6,4207.55
999,9/12/2022,2,TRUE,9/15/2022 0:00,4172.68,6,3993.68
961,9/2/2022,5,TRUE,9/15/2022 0:00,6468.62,7,6324.62
970,9/5/2022,4,TRUE,9/15/2022 0:00,5691.95,7,5673.95
994,9/12/2022,3,TRUE,9/15/2022 0:00,4432.22,7,4368.22
992,9/12/2022,4,TRUE,9/15/2022 0:00,5050.6,8,5036.6
998,9/12/2022,2,TRUE,9/15/2022 0:00,5428.57,8,5361.57
996,9/12/2022,3,TRUE,9/16/2022 0:00,272.05,6,236.05
1002,9/13/2022,1,TRUE,9/16/2022 0:00,3539.12,6,3462.12
1008,9/14/2022,2,TRUE,9/16/2022 0:00,2907.1,6,2777.1
1003,9/13/2022,4,TRUE,9/16/2022 0:00,1588.44,7,1502.44
995,9/12/2022,3,TRUE,9/16/2022 0:00,3741.39,8,3555.39
1001,9/12/2022,3,TRUE,9/16/2022 0:00,1297.96,8,1178.96
1004,9/13/2022,4,TRUE,9/16/2022 0:00,4337.68,8,4187.68
973,9/6/2022,2,TRUE,9/17/2022 0:00,2036.28,7,1920.28
964,9/5/2022,4,TRUE,9/18/2022 0:00,4468.96,7,4311.96
979,9/7/2022,5,TRUE,9/18/2022 0:00,5438.57,7,5262.57
1011,9/15/2022,1,FALSE,9/19/2022 0:00,2360.35,6,2175.35
1005,9/13/2022,1,TRUE,9/19/2022 0:00,1282.65,6,1155.65
1007,9/13/2022,5,TRUE,9/19/2022 0:00,1618.87,8,1582.87
1013,9/15/2022,1,FALSE,9/19/2022 0:00,5074.35,8,4942.35
988,9/9/2022,4,FALSE,9/20/2022 0:00,903.57,7,784.57
991,9/9/2022,4,FALSE,9/20/2022 0:00,538.01,7,519.01
997,9/12/2022,5,TRUE,9/20/2022 0:00,5778.7,7,5595.7
1010,9/15/2022,5,FALSE,9/20/2022 0:00,1447.28,8,1340.28
1014,9/16/2022,4,FALSE,9/21/2022 0:00,4369.38,6,4183.38
1009,9/15/2022,5,TRUE,9/21/2022 0:00,568.38,7,408.38
1023,9/19/2022,5,TRUE,9/22/2022 0:00,2117.91,6,1945.91
1020,9/19/2022,4,TRUE,9/22/2022 0:00,2783.28,8,2697.28
1022,9/19/2022,5,TRUE,9/22/2022 0:00,3414.83,8,3392.83
1017,9/19/2022,4,FALSE,9/23/2022 0:00,2329.22,6,2179.22
1026,9/20/2022,2,TRUE,9/23/2022 0:00,5099.78,6,5046.78
1016,9/19/2022,3,TRUE,9/23/2022 0:00,3995.62,8,3959.62
1025,9/20/2022,4,TRUE,9/23/2022 0:00,2284.31,8,2193.31
1019,9/19/2022,2,FALSE,9/23/2022 0:00,4107.39,8,4096.39
1012,9/15/2022,5,TRUE,9/25/2022 0:00,936.78,7,935.78
1021,9/19/2022,5,TRUE,9/25/2022 0:00,4125.32,7,3976.32
1045,9/23/2022,1,TRUE,9/25/2022 0:00,1656.11,7,1610.11
1029,9/21/2022,2,TRUE,9/26/2022 0:00,6486.22,6,6368.22
1032,9/21/2022,2,TRUE,9/26/2022 0:00,333.89,6,204.89
1041,9/23/2022,2,TRUE,9/26/2022 0:00,5152.75,6,5060.75
1028,9/20/2022,2,TRUE,9/26/2022 0:00,1779.76,8,1621.76
1031,9/21/2022,3,TRUE,9/26/2022 0:00,2211.41,8,2121.41
1034,9/22/2022,2,TRUE,9/26/2022 0:00,1738.96,8,1550.96
1037,9/22/2022,5,TRUE,9/26/2022 0:00,5928.35,8,5755.35
1040,9/22/2022,4,TRUE,9/26/2022 0:00,984.93,8,858.93
1044,9/23/2022,4,FALSE,9/27/2022 0:00,2513.93,6,2458.93
1015,9/19/2022,2,FALSE,9/27/2022 0:00,2575.9,7,2489.9
1039,9/22/2022,4,FALSE,9/27/2022 0:00,6175.92,7,6125.92
1035,9/22/2022,2,TRUE,9/27/2022 0:00,5543.13,6,5511.13
1038,9/22/2022,5,TRUE,9/27/2022 0:00,6663.76,6,6589.76
1006,9/13/2022,3,TRUE,9/27/2022 0:00,6767.52,7,6590.52
1033,9/21/2022,3,TRUE,9/27/2022 0:00,4603.91,7,4495.91
1043,9/23/2022,5,TRUE,9/27/2022 0:00,3569.15,8,3522.15
1050,9/26/2022,4,FALSE,9/28/2022 0:00,6568.42,6,6507.42
1000,9/12/2022,5,TRUE,9/28/2022 0:00,1054.74,7,938.74
1049,9/26/2022,3,TRUE,9/28/2022 0:00,3823.4,8,3646.4
1027,9/20/2022,5,FALSE,9/29/2022 0:00,7165.76,7,6971.76
1047,9/26/2022,3,TRUE,9/29/2022 0:00,5181.12,6,5049.12
1024,9/20/2022,2,TRUE,9/29/2022 0:00,4286.62,7,4131.62
1030,9/21/2022,1,TRUE,9/29/2022 0:00,1499.09,7,1480.09
1055,9/28/2022,4,FALSE,9/30/2022,2497.97,8,2317.97
1046,9/26/2022,1,TRUE,10/1/2022,3491.78,8,
1053,9/27/2022,3,TRUE,10/2/2022,3814.97,6,
1018,9/19/2022,2,TRUE,10/2/2022 0:00,2850.29,7,
1061,9/29/2022,1,TRUE,10/2/2022,3520.83,8,
1058,9/29/2022,5,TRUE,10/3/2022,3942.49,8,
1056,9/28/2022,1,TRUE,10/4/2022,2950.95,6,
1036,9/22/2022,3,TRUE,10/5/2022 0:00,5773.84,7,
1042,9/23/2022,3,FALSE,10/5/2022 0:00,3489.25,7,
1052,9/27/2022,2,FALSE,10/6/2022,38114.08,8,
1059,9/29/2022,5,FALSE,10/7/2022,4084.48,6,
1048,9/26/2022,4,FALSE,10/7/2022,3931.15,7,
1054,9/27/2022,3,FALSE,10/7/2022,5041.78,7,
1051,9/26/2022,3,TRUE,10/8/2022,3696.02,7,
1057,9/29/2022,5,FALSE,10/11/2022,2712.87,7,
1060,9/29/2022,5,TRUE,10/13/2022,3532.34,7,
