OpportunityId,CreatedDate,created_by_id,IsAccepted,AcceptedDecisionDate,Amount,OwnerEmployeeId,
1,1/11/2021,1,TRUE,1/18/2021 0:00,3558.5,7,
2,1/18/2021,5,FALSE,1/21/2021 0:00,4077.81,8,
3,1/18/2021,4,FALSE,1/22/2021 0:00,6507.67,6,
5,1/25/2021,1,TRUE,1/28/2021 0:00,9809.75,8,
4,1/22/2021,1,FALSE,1/29/2021 0:00,3463.57,7,
7,1/28/2021,4,TRUE,1/30/2021 0:00,4356.32,7,
6,1/26/2021,2,FALSE,2/1/2021 0:00,4296.15,6,
8,2/5/2021,5,TRUE,2/8/2021 0:00,3438.11,8,
9,2/8/2021,2,TRUE,2/11/2021 0:00,2749.88,6,
10,2/12/2021,1,FALSE,2/23/2021 0:00,2002.32,7,
12,2/22/2021,4,TRUE,2/24/2021 0:00,4319.32,6,
11,2/22/2021,2,FALSE,2/25/2021 0:00,3405.69,8,
16,2/25/2021,1,FALSE,2/26/2021 0:00,3681.55,7,
13,2/24/2021,4,TRUE,2/28/2021 0:00,5009.87,7,
15,2/25/2021,2,TRUE,3/1/2021 0:00,3717.9,6,
14,2/24/2021,2,TRUE,3/1/2021 0:00,3933.01,8,
18,3/2/2021,4,FALSE,3/4/2021 0:00,3372.99,6,
17,3/1/2021,3,FALSE,3/8/2021 0:00,3638.83,8,
19,3/8/2021,4,FALSE,3/12/2021 0:00,3739.16,7,
22,3/10/2021,1,FALSE,3/12/2021 0:00,3217.05,7,
21,3/8/2021,4,TRUE,3/12/2021 0:00,4812.35,8,
20,3/8/2021,3,FALSE,3/12/2021 0:00,4687.21,8,
23,3/12/2021,3,TRUE,3/15/2021 0:00,4391.17,8,
24,3/15/2021,5,FALSE,3/17/2021 0:00,3134.37,6,
26,3/15/2021,3,TRUE,3/18/2021 0:00,3980.1,8,
27,3/17/2021,2,FALSE,3/22/2021 0:00,14163.68,6,
28,3/19/2021,2,TRUE,3/22/2021 0:00,3367.85,8,
25,3/15/2021,3,TRUE,3/28/2021 0:00,3791.49,7,
30,3/29/2021,1,TRUE,3/31/2021 0:00,3184.73,6,
31,3/29/2021,4,TRUE,3/31/2021 0:00,3517.61,7,
33,3/29/2021,4,TRUE,4/1/2021 0:00,4369.35,6,
29,3/29/2021,1,FALSE,4/2/2021 0:00,7328.18,8,
32,3/29/2021,4,TRUE,4/2/2021 0:00,3559.21,8,
34,3/31/2021,1,TRUE,4/3/2021 0:00,48782.58,7,
35,4/2/2021,5,TRUE,4/5/2021 0:00,3106.95,8,
38,4/5/2021,5,TRUE,4/6/2021 0:00,2981.55,8,
36,4/5/2021,1,FALSE,4/8/2021 0:00,2224.82,6,
39,4/7/2021,1,TRUE,4/12/2021 0:00,3558.1,6,
37,4/5/2021,4,FALSE,4/13/2021 0:00,3632.04,7,
42,4/13/2021,1,TRUE,4/15/2021 0:00,4234.41,6,
41,4/12/2021,1,FALSE,4/15/2021 0:00,4999.08,8,
43,4/16/2021,1,TRUE,4/17/2021 0:00,2440.8,7,
40,4/12/2021,5,FALSE,4/22/2021 0:00,2740.37,7,
45,4/19/2021,1,TRUE,4/23/2021 0:00,16648.95,6,
44,4/19/2021,2,FALSE,4/23/2021 0:00,4473.88,8,
48,4/23/2021,5,FALSE,4/26/2021 0:00,4391.83,6,
47,4/22/2021,4,TRUE,4/27/2021 0:00,2303,8,
46,4/21/2021,5,TRUE,4/28/2021 0:00,3249.65,7,
51,4/26/2021,4,TRUE,4/29/2021 0:00,3194.14,6,
50,4/26/2021,4,TRUE,4/30/2021 0:00,4694.88,8,
49,4/26/2021,2,FALSE,5/2/2021 0:00,4455.41,7,
54,4/29/2021,2,FALSE,5/3/2021 0:00,3212.17,6,
53,4/28/2021,3,TRUE,5/3/2021 0:00,3349.12,8,
56,4/30/2021,3,TRUE,5/3/2021 0:00,3308.75,8,
57,5/3/2021,1,FALSE,5/5/2021 0:00,1627.77,6,
55,4/30/2021,5,FALSE,5/7/2021 0:00,2143.24,7,
52,4/28/2021,1,TRUE,5/11/2021 0:00,2884.33,7,
58,5/4/2021,3,FALSE,5/11/2021 0:00,2888.65,7,
60,5/10/2021,5,TRUE,5/14/2021 0:00,3005.97,6,
59,5/10/2021,1,TRUE,5/14/2021 0:00,2532.22,8,
64,5/17/2021,1,FALSE,5/18/2021 0:00,2169.74,7,
62,5/14/2021,3,TRUE,5/18/2021 0:00,3325.84,8,
63,5/17/2021,2,FALSE,5/20/2021 0:00,4441.48,6,
66,5/19/2021,3,TRUE,5/24/2021 0:00,3372.85,6,
65,5/19/2021,2,TRUE,5/24/2021 0:00,3467.97,8,
68,5/21/2021,3,FALSE,5/25/2021 0:00,2676.98,8,
69,5/24/2021,2,FALSE,5/26/2021 0:00,3405.5,6,
61,5/13/2021,5,TRUE,5/26/2021 0:00,4535.5,7,
67,5/20/2021,5,FALSE,5/26/2021 0:00,3261.51,7,
71,5/26/2021,5,TRUE,5/31/2021 0:00,3819.45,8,
74,5/31/2021,2,FALSE,6/3/2021 0:00,3568.14,8,
72,5/31/2021,2,FALSE,6/4/2021 0:00,4697.28,6,
75,6/2/2021,3,FALSE,6/7/2021 0:00,4284.94,6,
70,5/26/2021,5,TRUE,6/8/2021 0:00,2129.45,7,
77,6/4/2021,2,FALSE,6/8/2021 0:00,5743.49,8,
78,6/8/2021,5,TRUE,6/9/2021 0:00,3855.11,6,
73,5/31/2021,4,TRUE,6/12/2021 0:00,4917.89,7,
76,6/3/2021,3,TRUE,6/13/2021 0:00,4393.35,7,
79,6/10/2021,4,TRUE,6/14/2021 0:00,3962.32,7,
81,6/14/2021,3,TRUE,6/17/2021 0:00,4284.49,6,
82,6/14/2021,5,TRUE,6/17/2021 0:00,4481.81,7,
80,6/14/2021,4,TRUE,6/18/2021 0:00,4480.91,8,
83,6/14/2021,4,TRUE,6/18/2021 0:00,3935.8,8,
84,6/17/2021,5,TRUE,6/22/2021 0:00,5893.49,6,
87,6/23/2021,4,TRUE,6/28/2021 0:00,3958.57,6,
85,6/18/2021,3,TRUE,6/28/2021 0:00,2965.87,7,
86,6/21/2021,4,TRUE,6/28/2021 0:00,4246.13,8,
89,6/24/2021,5,FALSE,6/28/2021 0:00,2848.52,8,
90,6/25/2021,3,TRUE,6/29/2021 0:00,2846.61,6,
88,6/23/2021,4,TRUE,6/30/2021 0:00,4360.39,7,
93,7/5/2021,5,FALSE,7/9/2021 0:00,5249.52,6,
92,7/5/2021,3,TRUE,7/9/2021 0:00,3253.12,8,
97,7/9/2021,5,TRUE,7/11/2021 0:00,3499.29,7,
96,7/8/2021,2,TRUE,7/12/2021 0:00,4990.12,8,
95,7/8/2021,4,TRUE,7/12/2021 0:00,3389.88,8,
91,6/28/2021,3,TRUE,7/13/2021 0:00,2238.79,7,
99,7/12/2021,4,TRUE,7/15/2021 0:00,3613.77,6,
94,7/5/2021,2,TRUE,7/16/2021 0:00,3919.36,7,
98,7/12/2021,5,TRUE,7/16/2021 0:00,2567.83,8,
101,7/14/2021,5,FALSE,7/16/2021 0:00,3117.44,8,
106,7/19/2021,5,TRUE,7/20/2021 0:00,4524.99,7,
109,7/20/2021,1,FALSE,7/21/2021 0:00,2871.81,7,
107,7/19/2021,2,TRUE,7/21/2021 0:00,3630.24,8,
102,7/19/2021,3,FALSE,7/22/2021 0:00,3739.82,6,
105,7/19/2021,2,TRUE,7/23/2021 0:00,5082.02,6,
108,7/20/2021,2,TRUE,7/23/2021 0:00,3902.2,6,
104,7/19/2021,3,TRUE,7/23/2021 0:00,5046.06,8,
100,7/14/2021,2,TRUE,7/25/2021 0:00,4785.57,7,
114,7/26/2021,5,TRUE,7/27/2021 0:00,4086.67,6,
110,7/23/2021,3,TRUE,7/27/2021 0:00,3352.67,8,
111,7/26/2021,4,FALSE,7/28/2021 0:00,3040.33,6,
113,7/26/2021,5,FALSE,7/29/2021 0:00,5450.2,8,
118,7/29/2021,2,FALSE,7/31/2021 0:00,3439.39,7,
117,7/29/2021,1,TRUE,8/2/2021 0:00,4866.72,6,
103,7/19/2021,4,TRUE,8/2/2021 0:00,3582.99,7,
116,7/29/2021,1,FALSE,8/2/2021 0:00,3537.18,8,
120,8/2/2021,3,FALSE,8/3/2021 0:00,4428.33,6,
115,7/28/2021,2,TRUE,8/4/2021 0:00,3227.05,7,
122,8/2/2021,5,FALSE,8/5/2021 0:00,2844.49,8,
119,8/2/2021,3,TRUE,8/6/2021 0:00,4683.74,8,
112,7/26/2021,3,TRUE,8/8/2021 0:00,3888.33,7,
123,8/5/2021,5,TRUE,8/9/2021 0:00,4635.74,6,
125,8/5/2021,3,TRUE,8/9/2021 0:00,3877.37,8,
129,8/9/2021,1,FALSE,8/11/2021 0:00,3173.96,6,
128,8/9/2021,5,TRUE,8/11/2021 0:00,2695.79,8,
131,8/10/2021,3,FALSE,8/11/2021 0:00,29879.87,8,
126,8/9/2021,2,TRUE,8/12/2021 0:00,3655.46,6,
121,8/2/2021,2,TRUE,8/12/2021 0:00,4303.66,7,
132,8/11/2021,5,TRUE,8/16/2021 0:00,4192.84,6,
134,8/13/2021,2,TRUE,8/16/2021 0:00,3395.16,8,
130,8/9/2021,1,TRUE,8/17/2021 0:00,5149.99,7,
136,8/16/2021,2,FALSE,8/18/2021 0:00,3279.48,7,
135,8/16/2021,1,TRUE,8/19/2021 0:00,4527.55,6,
124,8/5/2021,4,FALSE,8/19/2021 0:00,2666.09,7,
127,8/9/2021,1,TRUE,8/19/2021 0:00,2859.65,7,
137,8/16/2021,3,FALSE,8/20/2021 0:00,4214.14,8,
133,8/12/2021,5,TRUE,8/21/2021 0:00,3477.56,7,
138,8/16/2021,4,TRUE,8/23/2021 0:00,3214.22,8,
140,8/19/2021,4,TRUE,8/23/2021 0:00,4653.12,8,
141,8/23/2021,3,TRUE,8/24/2021 0:00,3548.34,6,
144,8/23/2021,1,FALSE,8/26/2021 0:00,4764.27,6,
147,8/25/2021,5,FALSE,8/27/2021 0:00,14002.94,6,
143,8/23/2021,4,TRUE,8/27/2021 0:00,4222.79,8,
139,8/19/2021,4,TRUE,8/28/2021 0:00,3570.3,7,
146,8/25/2021,1,FALSE,8/31/2021 0:00,4764.82,8,
149,8/30/2021,2,TRUE,9/2/2021 0:00,2347.68,8,
155,8/31/2021,5,FALSE,9/2/2021 0:00,4093.66,8,
150,8/30/2021,5,TRUE,9/3/2021 0:00,4983.31,6,
153,8/30/2021,4,TRUE,9/3/2021 0:00,4317.08,6,
152,8/30/2021,4,TRUE,9/3/2021 0:00,3865.82,8,
142,8/23/2021,3,TRUE,9/4/2021 0:00,3041.16,7,
148,8/26/2021,4,FALSE,9/4/2021 0:00,3347.15,7,
156,9/1/2021,3,TRUE,9/6/2021 0:00,3661.89,6,
159,9/2/2021,4,TRUE,9/6/2021 0:00,2619.5,6,
162,9/3/2021,1,FALSE,9/6/2021 0:00,3899.24,6,
145,8/24/2021,4,TRUE,9/6/2021 0:00,7859.61,7,
160,9/2/2021,2,FALSE,9/7/2021 0:00,4613.23,7,
158,9/2/2021,3,TRUE,9/7/2021 0:00,3897.28,8,
161,9/3/2021,1,TRUE,9/7/2021 0:00,4173.76,8,
165,9/6/2021,5,FALSE,9/9/2021 0:00,3429.72,6,
151,8/30/2021,2,TRUE,9/9/2021 0:00,3640.23,7,
164,9/6/2021,5,TRUE,9/9/2021 0:00,2887.15,8,
167,9/8/2021,5,FALSE,9/10/2021 0:00,5145.15,8,
163,9/6/2021,5,TRUE,9/11/2021 0:00,3051.09,7,
166,9/6/2021,2,TRUE,9/11/2021 0:00,3663.38,7,
157,9/2/2021,2,FALSE,9/12/2021 0:00,3740.59,7,
169,9/10/2021,4,FALSE,9/12/2021 0:00,16984.68,7,
168,9/9/2021,1,FALSE,9/13/2021 0:00,2944.99,6,
154,8/31/2021,2,TRUE,9/14/2021 0:00,3031.45,7,
170,9/13/2021,5,FALSE,9/16/2021 0:00,3027.1,8,
171,9/13/2021,3,TRUE,9/20/2021 0:00,3668.64,6,
174,9/17/2021,4,FALSE,9/20/2021 0:00,5632.07,6,
178,9/20/2021,4,FALSE,9/21/2021 0:00,4119.39,7,
173,9/17/2021,3,FALSE,9/21/2021 0:00,2775.56,8,
177,9/20/2021,2,TRUE,9/22/2021 0:00,5090.55,6,
176,9/20/2021,1,TRUE,9/23/2021 0:00,4723.36,8,
179,9/21/2021,5,TRUE,9/23/2021 0:00,3931.53,8,
172,9/16/2021,5,FALSE,9/24/2021 0:00,3588.8,7,
180,9/21/2021,1,TRUE,9/27/2021 0:00,4801.02,6,
183,9/23/2021,4,TRUE,9/27/2021 0:00,4197.63,6,
175,9/17/2021,2,TRUE,9/27/2021 0:00,4264.34,7,
182,9/23/2021,1,TRUE,9/27/2021 0:00,4363.38,8,
186,9/27/2021,3,TRUE,10/1/2021 0:00,3835.12,6,
189,9/29/2021,2,TRUE,10/4/2021 0:00,4132.09,6,
192,10/1/2021,1,FALSE,10/4/2021 0:00,3032.79,6,
184,9/24/2021,5,TRUE,10/4/2021 0:00,2713.09,7,
185,9/27/2021,4,TRUE,10/4/2021 0:00,4439.2,8,
188,9/29/2021,3,TRUE,10/4/2021 0:00,4862.14,8,
191,10/1/2021,2,TRUE,10/4/2021 0:00,4517.92,8,
181,9/22/2021,5,TRUE,10/6/2021 0:00,3629.04,7,
194,10/4/2021,5,TRUE,10/7/2021 0:00,3140.08,8,
195,10/4/2021,3,FALSE,10/8/2021 0:00,5577.76,6,
190,10/1/2021,2,TRUE,10/8/2021 0:00,24270.64,7,
197,10/6/2021,2,TRUE,10/8/2021 0:00,2888.22,8,
187,9/28/2021,5,TRUE,10/10/2021 0:00,3248.1,7,
202,10/8/2021,3,TRUE,10/10/2021 0:00,4767.12,7,
198,10/7/2021,2,FALSE,10/11/2021 0:00,3590.93,6,
193,10/4/2021,2,TRUE,10/11/2021 0:00,16104.15,8,
200,10/7/2021,1,TRUE,10/11/2021 0:00,2959.75,8,
201,10/8/2021,5,TRUE,10/12/2021 0:00,3750.86,6,
203,10/8/2021,3,FALSE,10/12/2021 0:00,4190.37,8,
204,10/11/2021,4,FALSE,10/13/2021 0:00,5939.11,6,
206,10/11/2021,1,FALSE,10/14/2021 0:00,4283.08,8,
207,10/13/2021,4,TRUE,10/15/2021 0:00,5065.75,6,
210,10/14/2021,2,TRUE,10/18/2021 0:00,4153.9,6,
209,10/14/2021,5,FALSE,10/18/2021 0:00,3342.64,8,
196,10/4/2021,4,FALSE,10/19/2021 0:00,3776.51,7,
208,10/13/2021,3,TRUE,10/21/2021 0:00,3493.31,7,
212,10/19/2021,4,FALSE,10/21/2021 0:00,2515.47,8,
199,10/7/2021,2,FALSE,10/22/2021 0:00,5043.34,7,
205,10/11/2021,5,TRUE,10/22/2021 0:00,5128.45,7,
213,10/19/2021,1,TRUE,10/25/2021 0:00,3909.98,6,
215,10/21/2021,1,TRUE,10/25/2021 0:00,4301.02,8,
216,10/25/2021,4,TRUE,10/28/2021 0:00,1772.15,6,
217,10/25/2021,5,TRUE,10/28/2021 0:00,4485.74,7,
218,10/26/2021,3,TRUE,10/29/2021 0:00,6720.58,8,
219,10/27/2021,4,TRUE,11/1/2021 0:00,1803.11,6,
211,10/18/2021,4,FALSE,11/1/2021 0:00,2804.08,7,
221,10/29/2021,4,FALSE,11/1/2021 0:00,3820.28,8,
222,11/1/2021,1,TRUE,11/3/2021 0:00,3873.05,6,
214,10/19/2021,5,FALSE,11/3/2021 0:00,3164.44,7,
225,11/1/2021,2,FALSE,11/4/2021 0:00,3024.37,6,
220,10/27/2021,3,FALSE,11/4/2021 0:00,1925.23,7,
223,11/1/2021,5,FALSE,11/4/2021 0:00,2740.95,7,
224,11/1/2021,1,TRUE,11/4/2021 0:00,3842.65,8,
226,11/2/2021,5,FALSE,11/5/2021 0:00,6200.03,7,
228,11/3/2021,4,TRUE,11/8/2021 0:00,5594.73,6,
231,11/5/2021,2,TRUE,11/8/2021 0:00,3271.56,8,
227,11/2/2021,4,TRUE,11/8/2021 0:00,4495.45,8,
230,11/5/2021,4,TRUE,11/9/2021 0:00,3021.9,8,
233,11/8/2021,1,FALSE,11/9/2021 0:00,5757.33,8,
234,11/8/2021,5,TRUE,11/11/2021 0:00,3869.61,6,
235,11/10/2021,5,TRUE,11/11/2021 0:00,4287.71,7,
229,11/4/2021,4,TRUE,11/12/2021 0:00,4115.73,7,
237,11/11/2021,4,TRUE,11/15/2021 0:00,6239.45,6,
236,11/11/2021,3,TRUE,11/16/2021 0:00,4534.26,8,
239,11/12/2021,5,TRUE,11/16/2021 0:00,3657.73,8,
238,11/12/2021,5,TRUE,11/17/2021 0:00,4158.5,7,
240,11/15/2021,5,TRUE,11/19/2021 0:00,2302.22,6,
232,11/8/2021,3,TRUE,11/21/2021 0:00,4243.14,7,
243,11/17/2021,5,FALSE,11/22/2021 0:00,4098.67,6,
247,11/19/2021,1,TRUE,11/22/2021 0:00,2686.85,7,
242,11/16/2021,2,TRUE,11/22/2021 0:00,4180.98,8,
245,11/18/2021,3,TRUE,11/22/2021 0:00,3601.07,8,
246,11/19/2021,5,FALSE,11/23/2021 0:00,3771.31,6,
244,11/18/2021,1,TRUE,11/24/2021 0:00,4697.8,7,
248,11/22/2021,3,FALSE,11/25/2021 0:00,4509.32,8,
249,11/22/2021,1,TRUE,11/26/2021 0:00,2204.23,6,
252,11/25/2021,5,TRUE,11/29/2021 0:00,3877.36,6,
254,11/26/2021,2,TRUE,11/29/2021 0:00,3599.52,8,
241,11/16/2021,5,FALSE,11/30/2021 0:00,3493.62,7,
251,11/25/2021,3,FALSE,11/30/2021 0:00,3728.23,8,
255,11/26/2021,2,TRUE,12/1/2021 0:00,3168.49,6,
258,11/29/2021,1,FALSE,12/1/2021 0:00,4624.42,6,
257,11/29/2021,1,FALSE,12/3/2021 0:00,5019.35,8,
265,12/3/2021,3,TRUE,12/5/2021 0:00,33803.4,7,
261,12/1/2021,5,FALSE,12/6/2021 0:00,3045.67,6,
264,12/3/2021,4,TRUE,12/6/2021 0:00,3818.68,6,
260,12/1/2021,3,TRUE,12/6/2021 0:00,5288.02,8,
263,12/3/2021,3,FALSE,12/6/2021 0:00,3962.31,8,
266,12/3/2021,2,FALSE,12/6/2021 0:00,2602.36,8,
256,11/29/2021,5,TRUE,12/8/2021 0:00,2587.23,7,
273,12/7/2021,1,FALSE,12/9/2021 0:00,3442.52,6,
262,12/2/2021,5,FALSE,12/9/2021 0:00,3217.62,7,
272,12/7/2021,1,TRUE,12/9/2021 0:00,3508.14,8,
267,12/6/2021,3,TRUE,12/10/2021 0:00,4666.45,6,
270,12/6/2021,2,FALSE,12/10/2021 0:00,4230.34,6,
276,12/9/2021,4,FALSE,12/10/2021 0:00,3648.04,6,
250,11/25/2021,5,TRUE,12/10/2021 0:00,3613.9,7,
253,11/26/2021,2,TRUE,12/10/2021 0:00,5434.82,7,
269,12/6/2021,3,TRUE,12/10/2021 0:00,4030.65,8,
268,12/6/2021,4,FALSE,12/11/2021 0:00,2892.55,7,
271,12/7/2021,5,TRUE,12/13/2021 0:00,4017.74,7,
278,12/10/2021,4,TRUE,12/13/2021 0:00,3850.21,8,
275,12/9/2021,5,TRUE,12/14/2021 0:00,4284.73,8,
279,12/13/2021,5,TRUE,12/15/2021 0:00,3796.05,6,
259,11/30/2021,2,TRUE,12/15/2021 0:00,2877.42,7,
283,12/13/2021,1,TRUE,12/15/2021 0:00,3153.72,7,
281,12/13/2021,4,TRUE,12/15/2021 0:00,2831.22,8,
282,12/13/2021,5,TRUE,12/17/2021 0:00,3593.85,6,
277,12/9/2021,5,FALSE,12/17/2021 0:00,4654.89,7,
280,12/13/2021,5,TRUE,12/17/2021 0:00,4066.31,7,
274,12/9/2021,1,FALSE,12/18/2021 0:00,3588.91,7,
285,12/15/2021,2,TRUE,12/20/2021 0:00,3562.26,6,
288,12/17/2021,5,TRUE,12/20/2021 0:00,2798.24,6,
284,12/15/2021,3,TRUE,12/20/2021 0:00,3399.01,8,
287,12/17/2021,1,TRUE,12/20/2021 0:00,3928.33,8,
290,12/17/2021,5,FALSE,12/20/2021 0:00,4166.46,8,
291,12/20/2021,1,FALSE,12/23/2021 0:00,2967.71,6,
297,12/20/2021,4,FALSE,12/24/2021 0:00,3484.99,6,
293,12/20/2021,4,TRUE,12/24/2021 0:00,4218,8,
296,12/20/2021,2,TRUE,12/24/2021 0:00,2713.7,8,
299,12/21/2021,3,TRUE,12/24/2021 0:00,4860.14,8,
300,12/22/2021,4,TRUE,12/27/2021 0:00,4076.19,6,
303,12/24/2021,2,TRUE,12/27/2021 0:00,3556.56,6,
298,12/21/2021,1,TRUE,12/27/2021 0:00,4073.81,7,
294,12/20/2021,4,TRUE,12/27/2021 0:00,4126.44,8,
302,12/24/2021,2,TRUE,12/27/2021 0:00,4502.34,8,
289,12/17/2021,2,TRUE,12/28/2021 0:00,4247.29,7,
301,12/24/2021,5,FALSE,12/29/2021 0:00,4008.85,7,
304,12/27/2021,5,TRUE,12/29/2021 0:00,2364.2,7,
305,12/27/2021,5,TRUE,12/30/2021 0:00,3716.23,8,
306,12/27/2021,5,FALSE,12/31/2021 0:00,3143.29,6,
309,12/29/2021,2,TRUE,12/31/2021 0:00,4099.71,6,
307,12/28/2021,2,TRUE,12/31/2021 0:00,3137.26,7,
308,12/28/2021,4,FALSE,12/31/2021 0:00,4304.23,8,
286,12/17/2021,5,TRUE,1/1/2022 0:00,3639.98,7,
292,12/20/2021,5,TRUE,1/1/2022 0:00,4496.73,7,
312,12/30/2021,4,TRUE,1/3/2022 0:00,6383.15,6,
295,12/20/2021,2,FALSE,1/3/2022 0:00,5177.65,7,
315,12/31/2021,5,TRUE,1/3/2022 0:00,2398.79,8,
314,12/30/2021,2,TRUE,1/3/2022 0:00,5076.7,8,
311,12/30/2021,1,TRUE,1/4/2022 0:00,5021.86,8,
318,1/3/2022,5,FALSE,1/6/2022 0:00,3342.15,6,
322,1/6/2022,3,TRUE,1/7/2022 0:00,8725.28,7,
317,1/3/2022,5,TRUE,1/7/2022 0:00,2707.17,8,
313,12/30/2021,1,TRUE,1/8/2022 0:00,4342.31,7,
321,1/5/2022,1,FALSE,1/10/2022 0:00,4077.81,6,
324,1/7/2022,3,FALSE,1/10/2022 0:00,3959.88,6,
323,1/6/2022,2,TRUE,1/10/2022 0:00,4950.15,8,
320,1/5/2022,1,TRUE,1/11/2022 0:00,2752.58,8,
330,1/10/2022,5,TRUE,1/13/2022 0:00,4223.77,6,
310,12/29/2021,2,FALSE,1/13/2022 0:00,4971.99,7,
328,1/10/2022,3,TRUE,1/13/2022 0:00,3430.87,8,
326,1/10/2022,3,FALSE,1/13/2022 0:00,2863.94,8,
327,1/10/2022,3,FALSE,1/14/2022 0:00,3782.6,6,
329,1/10/2022,2,TRUE,1/14/2022 0:00,4681.43,8,
319,1/4/2022,2,TRUE,1/16/2022 0:00,4314.92,7,
333,1/12/2022,2,TRUE,1/17/2022 0:00,3147.25,6,
316,1/3/2022,3,FALSE,1/17/2022 0:00,3653.26,7,
340,1/14/2022,5,TRUE,1/17/2022 0:00,4120.53,7,
332,1/12/2022,4,FALSE,1/17/2022 0:00,2351.85,8,
335,1/12/2022,5,TRUE,1/17/2022 0:00,4668.92,8,
338,1/13/2022,2,FALSE,1/17/2022 0:00,4514.84,8,
341,1/14/2022,1,TRUE,1/17/2022 0:00,3366.4,8,
336,1/13/2022,5,TRUE,1/18/2022 0:00,3866.7,6,
339,1/13/2022,2,TRUE,1/18/2022 0:00,5365.68,6,
345,1/17/2022,3,FALSE,1/19/2022 0:00,4231.08,6,
342,1/17/2022,5,TRUE,1/21/2022 0:00,2205.94,6,
348,1/17/2022,3,TRUE,1/21/2022 0:00,3173.31,6,
344,1/17/2022,3,TRUE,1/21/2022 0:00,2638.8,8,
347,1/17/2022,3,TRUE,1/21/2022 0:00,4393.23,8,
325,1/7/2022,1,TRUE,1/22/2022 0:00,4142.1,7,
331,1/10/2022,2,TRUE,1/23/2022 0:00,3344.98,7,
334,1/12/2022,3,TRUE,1/23/2022 0:00,4561.53,7,
337,1/13/2022,5,FALSE,1/23/2022 0:00,5046.16,7,
352,1/20/2022,2,TRUE,1/23/2022 0:00,4935.98,7,
351,1/20/2022,2,FALSE,1/24/2022 0:00,6383.95,6,
354,1/20/2022,3,TRUE,1/24/2022 0:00,26567.53,6,
355,1/20/2022,3,TRUE,1/24/2022 0:00,3367.92,7,
350,1/19/2022,2,TRUE,1/24/2022 0:00,4335.46,8,
356,1/21/2022,2,FALSE,1/24/2022 0:00,4283.67,8,
357,1/21/2022,4,FALSE,1/25/2022 0:00,4665.59,6,
349,1/19/2022,1,TRUE,1/25/2022 0:00,4689.29,7,
353,1/20/2022,2,FALSE,1/25/2022 0:00,4550.69,8,
360,1/24/2022,5,TRUE,1/26/2022 0:00,4244.24,6,
359,1/24/2022,2,TRUE,1/27/2022 0:00,3167.87,8,
343,1/17/2022,3,TRUE,1/29/2022 0:00,3691.96,7,
361,1/24/2022,3,FALSE,1/29/2022 0:00,2145.19,7,
346,1/17/2022,5,FALSE,1/31/2022 0:00,14422.38,7,
362,1/26/2022,2,FALSE,1/31/2022 0:00,4452.65,8,
363,1/27/2022,5,FALSE,2/1/2022 0:00,51827.27,6,
365,1/28/2022,2,TRUE,2/1/2022 0:00,4120.42,8,
373,2/1/2022,3,TRUE,2/3/2022 0:00,4137.11,7,
371,1/31/2022,2,TRUE,2/3/2022 0:00,2649.25,8,
366,1/31/2022,2,TRUE,2/4/2022 0:00,1431.8,6,
369,1/31/2022,5,TRUE,2/4/2022 0:00,2433.97,6,
372,1/31/2022,4,TRUE,2/4/2022 0:00,4853.41,6,
358,1/24/2022,2,FALSE,2/4/2022 0:00,2895.1,7,
368,1/31/2022,5,TRUE,2/4/2022 0:00,3028.64,8,
364,1/28/2022,3,FALSE,2/6/2022 0:00,4146.76,7,
375,2/2/2022,4,FALSE,2/7/2022 0:00,3588.54,6,
374,2/2/2022,5,TRUE,2/7/2022 0:00,2533.18,8,
378,2/4/2022,3,FALSE,2/8/2022 0:00,4065.44,6,
376,2/4/2022,2,TRUE,2/8/2022 0:00,5138.37,7,
382,2/7/2022,1,TRUE,2/8/2022 0:00,2880.11,7,
377,2/4/2022,3,TRUE,2/8/2022 0:00,4437.42,8,
370,1/31/2022,4,FALSE,2/9/2022 0:00,4162.88,7,
380,2/7/2022,3,TRUE,2/9/2022 0:00,4058.2,8,
383,2/7/2022,3,TRUE,2/9/2022 0:00,3150.51,8,
381,2/7/2022,2,FALSE,2/10/2022 0:00,3805.84,6,
384,2/7/2022,4,TRUE,2/10/2022 0:00,3981.77,6,
388,2/8/2022,5,TRUE,2/10/2022 0:00,2572.94,7,
389,2/8/2022,5,TRUE,2/10/2022 0:00,2486.08,8,
379,2/7/2022,5,FALSE,2/11/2022 0:00,2094.33,7,
387,2/8/2022,5,TRUE,2/14/2022 0:00,3621.38,6,
390,2/8/2022,1,TRUE,2/14/2022 0:00,4134.74,6,
367,1/31/2022,5,TRUE,2/14/2022 0:00,3778.24,7,
386,2/8/2022,1,FALSE,2/14/2022 0:00,4395.06,8,
392,2/10/2022,1,TRUE,2/14/2022 0:00,2270.27,8,
393,2/11/2022,3,FALSE,2/15/2022 0:00,3633.57,6,
394,2/11/2022,3,TRUE,2/16/2022 0:00,4809.05,7,
396,2/14/2022,1,FALSE,2/17/2022 0:00,4279.46,6,
399,2/14/2022,5,TRUE,2/17/2022 0:00,3476,6,
391,2/9/2022,3,TRUE,2/17/2022 0:00,6218.75,7,
398,2/14/2022,4,TRUE,2/17/2022 0:00,4147.36,8,
401,2/16/2022,2,TRUE,2/18/2022 0:00,5436.83,8,
397,2/14/2022,5,TRUE,2/19/2022 0:00,2434.25,7,
402,2/16/2022,4,TRUE,2/21/2022 0:00,3352.56,8,
395,2/14/2022,5,TRUE,2/21/2022 0:00,4697.43,8,
400,2/15/2022,5,TRUE,2/22/2022 0:00,3823.76,7,
404,2/17/2022,3,TRUE,2/22/2022 0:00,3067.43,8,
407,2/18/2022,1,TRUE,2/22/2022 0:00,3038.29,8,
405,2/18/2022,4,TRUE,2/23/2022 0:00,4772.43,6,
411,2/21/2022,2,TRUE,2/23/2022 0:00,2547.43,6,
403,2/17/2022,1,TRUE,2/23/2022 0:00,3581.8,7,
406,2/18/2022,5,TRUE,2/23/2022 0:00,3170.23,7,
408,2/21/2022,5,FALSE,2/24/2022 0:00,5346.55,6,
410,2/21/2022,1,TRUE,2/25/2022 0:00,4540.56,8,
385,2/7/2022,4,TRUE,2/26/2022 0:00,3372.81,7,
414,2/23/2022,3,TRUE,2/28/2022 0:00,3504.02,6,
417,2/24/2022,5,TRUE,2/28/2022 0:00,5730.94,6,
420,2/24/2022,4,TRUE,2/28/2022 0:00,6593.4,6,
423,2/24/2022,1,TRUE,2/28/2022 0:00,4666.62,6,
415,2/23/2022,3,FALSE,2/28/2022 0:00,3378.93,7,
418,2/24/2022,2,TRUE,2/28/2022 0:00,3671.51,7,
413,2/22/2022,1,FALSE,2/28/2022 0:00,26661.04,8,
416,2/24/2022,3,TRUE,2/28/2022 0:00,5818.09,8,
419,2/24/2022,4,TRUE,2/28/2022 0:00,3044.04,8,
422,2/24/2022,2,FALSE,2/28/2022 0:00,2891,8,
409,2/21/2022,3,FALSE,3/1/2022 0:00,3453.53,7,
429,2/28/2022,5,TRUE,3/2/2022 0:00,2773.16,6,
427,2/28/2022,3,TRUE,3/2/2022 0:00,3806.14,7,
426,2/28/2022,5,TRUE,3/3/2022 0:00,4285.86,6,
432,2/28/2022,3,TRUE,3/3/2022 0:00,3721.42,6,
421,2/24/2022,2,FALSE,3/3/2022 0:00,4053.33,7,
431,2/28/2022,5,TRUE,3/3/2022 0:00,2503.57,8,
412,2/21/2022,2,FALSE,3/4/2022 0:00,4913.11,7,
425,2/28/2022,1,TRUE,3/4/2022 0:00,4193.1,8,
428,2/28/2022,5,FALSE,3/4/2022 0:00,5296.94,8,
434,3/2/2022,3,TRUE,3/4/2022 0:00,3313.45,8,
424,2/25/2022,2,TRUE,3/6/2022 0:00,3246.15,7,
435,3/2/2022,3,FALSE,3/7/2022 0:00,5088.98,6,
438,3/3/2022,3,FALSE,3/7/2022 0:00,3953.45,6,
444,3/4/2022,4,TRUE,3/7/2022 0:00,3573.11,6,
437,3/3/2022,2,FALSE,3/7/2022 0:00,4303.32,8,
440,3/3/2022,4,TRUE,3/7/2022 0:00,3411.67,8,
441,3/4/2022,2,FALSE,3/8/2022 0:00,4003.82,6,
439,3/3/2022,2,TRUE,3/8/2022 0:00,4182.21,7,
436,3/3/2022,4,TRUE,3/9/2022 0:00,6556.82,7,
443,3/4/2022,1,TRUE,3/9/2022 0:00,2718.61,8,
447,3/7/2022,4,FALSE,3/10/2022 0:00,4689.43,6,
433,3/2/2022,3,TRUE,3/10/2022 0:00,4675.33,7,
442,3/4/2022,5,FALSE,3/10/2022 0:00,2033.19,7,
450,3/7/2022,5,TRUE,3/11/2022 0:00,4089.88,6,
446,3/7/2022,5,TRUE,3/11/2022 0:00,2320.45,8,
449,3/7/2022,5,TRUE,3/11/2022 0:00,27859.19,8,
458,3/10/2022,1,TRUE,3/11/2022 0:00,3097.24,8,
430,2/28/2022,2,TRUE,3/12/2022 0:00,3340.59,7,
453,3/9/2022,5,TRUE,3/14/2022 0:00,4847.15,6,
456,3/10/2022,4,FALSE,3/14/2022 0:00,5663.37,6,
459,3/10/2022,2,TRUE,3/14/2022 0:00,4796.2,6,
462,3/11/2022,4,FALSE,3/14/2022 0:00,4324.88,6,
452,3/8/2022,5,FALSE,3/14/2022 0:00,6478.97,8,
455,3/9/2022,2,FALSE,3/14/2022 0:00,3826.22,8,
445,3/7/2022,2,FALSE,3/15/2022 0:00,3249.04,7,
448,3/7/2022,1,FALSE,3/15/2022 0:00,3621.99,7,
461,3/11/2022,4,TRUE,3/15/2022 0:00,4551.98,8,
468,3/14/2022,1,FALSE,3/16/2022 0:00,3727.16,6,
464,3/14/2022,4,TRUE,3/17/2022 0:00,4922.3,8,
467,3/14/2022,4,FALSE,3/17/2022 0:00,5221.72,8,
465,3/14/2022,4,FALSE,3/18/2022 0:00,3669.47,6,
460,3/11/2022,3,FALSE,3/18/2022 0:00,3057.21,7,
451,3/8/2022,4,TRUE,3/20/2022 0:00,3501.09,7,
457,3/10/2022,5,TRUE,3/20/2022 0:00,3001.14,7,
472,3/17/2022,3,TRUE,3/20/2022 0:00,21550.83,7,
471,3/16/2022,3,FALSE,3/21/2022 0:00,4701.27,6,
474,3/17/2022,5,FALSE,3/21/2022 0:00,10701.72,6,
470,3/16/2022,3,TRUE,3/21/2022 0:00,4219.79,8,
473,3/17/2022,5,TRUE,3/21/2022 0:00,3488.75,8,
454,3/9/2022,5,TRUE,3/23/2022 0:00,4714.77,7,
469,3/14/2022,2,FALSE,3/23/2022 0:00,6951.99,7,
477,3/21/2022,2,TRUE,3/24/2022 0:00,3706.81,6,
463,3/14/2022,2,FALSE,3/24/2022 0:00,4829.06,7,
481,3/23/2022,4,TRUE,3/24/2022 0:00,3207.67,7,
479,3/21/2022,5,TRUE,3/24/2022 0:00,4097.76,8,
480,3/23/2022,2,TRUE,3/25/2022 0:00,4209.09,6,
478,3/21/2022,3,TRUE,3/25/2022 0:00,4927.22,7,
484,3/24/2022,2,FALSE,3/25/2022 0:00,5878.3,7,
476,3/21/2022,3,TRUE,3/25/2022 0:00,3826.37,8,
466,3/14/2022,1,FALSE,3/27/2022 0:00,3404.99,7,
475,3/18/2022,5,TRUE,3/27/2022 0:00,3770.48,7,
483,3/24/2022,4,TRUE,3/29/2022 0:00,5446.86,6,
486,3/25/2022,4,TRUE,3/29/2022 0:00,3914.63,6,
482,3/24/2022,5,FALSE,3/29/2022 0:00,3647.92,8,
485,3/24/2022,3,TRUE,3/29/2022 0:00,4493.29,8,
488,3/25/2022,5,TRUE,3/29/2022 0:00,4395.96,8,
489,3/25/2022,4,TRUE,3/30/2022 0:00,3505.94,6,
492,3/28/2022,1,FALSE,3/30/2022 0:00,3472.02,6,
490,3/25/2022,1,TRUE,3/31/2022 0:00,3650.06,7,
493,3/28/2022,3,TRUE,3/31/2022 0:00,6556.31,8,
495,3/28/2022,4,FALSE,4/1/2022 0:00,5666.76,6,
498,3/30/2022,5,FALSE,4/1/2022 0:00,2048.13,6,
491,3/28/2022,1,FALSE,4/1/2022 0:00,1587.13,8,
497,3/28/2022,3,TRUE,4/1/2022 0:00,2842.07,8,
501,3/30/2022,2,TRUE,4/4/2022 0:00,2586.62,6,
504,4/1/2022,5,FALSE,4/4/2022 0:00,4726.33,6,
499,3/30/2022,2,TRUE,4/4/2022 0:00,4530.9,7,
494,3/28/2022,1,TRUE,4/4/2022 0:00,2080.08,8,
500,3/30/2022,2,TRUE,4/4/2022 0:00,2283.27,8,
506,4/1/2022,3,TRUE,4/4/2022 0:00,4103.56,8,
507,4/1/2022,2,TRUE,4/5/2022 0:00,3801.6,6,
503,3/31/2022,5,TRUE,4/5/2022 0:00,6807.57,8,
513,4/4/2022,3,TRUE,4/6/2022 0:00,3206.43,6,
487,3/25/2022,1,TRUE,4/7/2022 0:00,4513.43,7,
509,4/4/2022,2,TRUE,4/7/2022 0:00,3005.64,8,
510,4/4/2022,1,TRUE,4/8/2022 0:00,4149.67,6,
502,3/31/2022,5,TRUE,4/8/2022 0:00,4168.95,7,
505,4/1/2022,4,TRUE,4/8/2022 0:00,3444.41,7,
512,4/4/2022,5,FALSE,4/8/2022 0:00,3270.6,8,
496,3/28/2022,2,TRUE,4/10/2022 0:00,3557.79,7,
516,4/7/2022,4,TRUE,4/11/2022 0:00,2009.71,8,
515,4/6/2022,1,TRUE,4/11/2022 0:00,3160.73,8,
514,4/5/2022,2,TRUE,4/13/2022 0:00,80814.02,7,
522,4/11/2022,1,TRUE,4/14/2022 0:00,3500.84,6,
525,4/11/2022,5,TRUE,4/14/2022 0:00,3404.01,6,
519,4/11/2022,1,FALSE,4/15/2022 0:00,3408.74,6,
511,4/4/2022,4,FALSE,4/15/2022 0:00,3156,7,
517,4/8/2022,3,FALSE,4/15/2022 0:00,3552.46,7,
524,4/11/2022,5,TRUE,4/15/2022 0:00,4140.09,8,
533,4/14/2022,2,TRUE,4/15/2022 0:00,2895.13,8,
508,4/4/2022,1,TRUE,4/16/2022 0:00,3114.78,7,
523,4/11/2022,2,FALSE,4/16/2022 0:00,4320.81,7,
541,4/15/2022,2,TRUE,4/16/2022 0:00,3584.99,7,
528,4/13/2022,4,TRUE,4/18/2022 0:00,4616.86,6,
531,4/14/2022,4,TRUE,4/18/2022 0:00,2953.6,6,
537,4/15/2022,5,FALSE,4/18/2022 0:00,3209.89,6,
540,4/15/2022,3,TRUE,4/18/2022 0:00,2754.97,8,
518,4/11/2022,5,TRUE,4/18/2022 0:00,2812.59,8,
521,4/11/2022,4,TRUE,4/18/2022 0:00,4119.72,8,
527,4/13/2022,1,FALSE,4/18/2022 0:00,1746.15,8,
530,4/14/2022,1,TRUE,4/18/2022 0:00,3768.15,8,
536,4/14/2022,4,TRUE,4/18/2022 0:00,2575.37,8,
539,4/15/2022,3,FALSE,4/18/2022 0:00,3342.81,8,
534,4/14/2022,3,FALSE,4/19/2022 0:00,3684.48,6,
535,4/14/2022,2,TRUE,4/19/2022 0:00,3821.32,7,
542,4/15/2022,1,FALSE,4/20/2022 0:00,5091.38,8,
544,4/18/2022,2,TRUE,4/21/2022 0:00,4951.62,7,
543,4/18/2022,4,TRUE,4/22/2022 0:00,2467.9,6,
546,4/18/2022,1,FALSE,4/22/2022 0:00,4320.89,6,
552,4/20/2022,2,TRUE,4/22/2022 0:00,1943.11,6,
532,4/14/2022,4,TRUE,4/22/2022 0:00,4306.33,7,
545,4/18/2022,2,FALSE,4/22/2022 0:00,3218.82,8,
548,4/18/2022,3,TRUE,4/22/2022 0:00,2100.21,8,
547,4/18/2022,3,FALSE,4/23/2022 0:00,4416.21,7,
526,4/12/2022,4,TRUE,4/24/2022 0:00,12960.32,7,
538,4/15/2022,1,FALSE,4/24/2022 0:00,1986.65,7,
549,4/19/2022,1,TRUE,4/25/2022 0:00,2097.29,6,
558,4/21/2022,1,TRUE,4/25/2022 0:00,2590,6,
561,4/22/2022,4,FALSE,4/25/2022 0:00,118771.43,6,
551,4/20/2022,4,TRUE,4/25/2022 0:00,4196.96,8,
554,4/21/2022,2,FALSE,4/25/2022 0:00,3860.06,8,
557,4/21/2022,4,TRUE,4/25/2022 0:00,2813.25,8,
563,4/22/2022,3,FALSE,4/25/2022 0:00,2115.16,8,
555,4/21/2022,2,TRUE,4/26/2022 0:00,2549.68,6,
520,4/11/2022,3,TRUE,4/26/2022 0:00,3694.49,7,
562,4/22/2022,2,TRUE,4/26/2022 0:00,2827.57,7,
560,4/22/2022,4,TRUE,4/26/2022 0:00,2670.06,8,
564,4/25/2022,1,TRUE,4/28/2022 0:00,3279.1,6,
567,4/25/2022,3,FALSE,4/28/2022 0:00,2870.67,6,
529,4/13/2022,5,FALSE,4/28/2022 0:00,3954.89,7,
566,4/25/2022,1,TRUE,4/28/2022 0:00,3554.83,8,
570,4/26/2022,4,TRUE,4/29/2022 0:00,4908.72,6,
559,4/22/2022,2,TRUE,4/29/2022 0:00,3187.6,7,
569,4/26/2022,1,TRUE,4/29/2022 0:00,4207.08,8,
553,4/21/2022,2,TRUE,4/30/2022 0:00,2533.69,7,
571,4/26/2022,5,FALSE,4/30/2022 0:00,4804.46,7,
573,4/26/2022,1,TRUE,5/2/2022 0:00,2891.27,6,
576,4/28/2022,2,TRUE,5/2/2022 0:00,947.11,6,
572,4/26/2022,5,TRUE,5/2/2022 0:00,2359.75,8,
575,4/27/2022,1,FALSE,5/2/2022 0:00,2411.7,8,
579,4/29/2022,3,TRUE,5/3/2022 0:00,2853.4,6,
550,4/19/2022,4,FALSE,5/3/2022 0:00,3348.38,7,
568,4/26/2022,2,TRUE,5/3/2022 0:00,5345.15,7,
583,5/2/2022,3,TRUE,5/3/2022 0:00,5561.53,7,
578,4/29/2022,4,TRUE,5/3/2022 0:00,1903.8,8,
582,5/2/2022,4,TRUE,5/5/2022 0:00,4096.13,6,
588,5/3/2022,4,FALSE,5/5/2022 0:00,18637.7,6,
577,4/29/2022,3,TRUE,5/5/2022 0:00,3074.27,7,
581,5/2/2022,1,TRUE,5/5/2022 0:00,1137.9,8,
584,5/2/2022,5,TRUE,5/5/2022 0:00,2943.03,8,
585,5/2/2022,2,TRUE,5/6/2022 0:00,3481.02,6,
556,4/21/2022,5,FALSE,5/6/2022 0:00,3644.91,7,
587,5/2/2022,5,TRUE,5/6/2022 0:00,3498.92,8,
593,5/5/2022,5,FALSE,5/6/2022 0:00,2584.18,8,
565,4/25/2022,3,TRUE,5/7/2022 0:00,4331.86,7,
592,5/5/2022,5,FALSE,5/7/2022 0:00,2695.36,7,
580,5/2/2022,5,TRUE,5/8/2022 0:00,6593.06,7,
591,5/4/2022,3,FALSE,5/9/2022 0:00,3431.45,6,
594,5/5/2022,3,TRUE,5/9/2022 0:00,2831.16,6,
597,5/6/2022,1,TRUE,5/9/2022 0:00,3782.21,6,
590,5/3/2022,5,TRUE,5/9/2022 0:00,4142.5,8,
586,5/2/2022,1,FALSE,5/10/2022 0:00,4201.02,7,
595,5/5/2022,2,TRUE,5/10/2022 0:00,26603.78,7,
598,5/9/2022,3,TRUE,5/10/2022 0:00,2772.76,7,
596,5/6/2022,1,TRUE,5/10/2022 0:00,4099.98,8,
574,4/27/2022,4,FALSE,5/11/2022 0:00,2805.63,7,
602,5/9/2022,5,TRUE,5/11/2022 0:00,2252.76,8,
606,5/10/2022,1,FALSE,5/12/2022 0:00,2575.97,6,
600,5/9/2022,4,FALSE,5/13/2022 0:00,2615.73,6,
603,5/9/2022,4,TRUE,5/13/2022 0:00,3621.48,6,
589,5/3/2022,1,TRUE,5/13/2022 0:00,4453.42,7,
599,5/9/2022,3,FALSE,5/13/2022 0:00,3069.24,8,
613,5/13/2022,4,TRUE,5/14/2022 0:00,2886.31,7,
610,5/12/2022,1,FALSE,5/15/2022 0:00,4455.9,7,
609,5/12/2022,3,FALSE,5/16/2022 0:00,2341.3,6,
612,5/12/2022,4,TRUE,5/16/2022 0:00,3821.72,6,
615,5/13/2022,1,FALSE,5/16/2022 0:00,3803.57,6,
605,5/10/2022,2,TRUE,5/16/2022 0:00,3233.12,8,
608,5/11/2022,3,TRUE,5/16/2022 0:00,1888.11,8,
611,5/12/2022,3,TRUE,5/16/2022 0:00,41991.79,8,
614,5/13/2022,1,FALSE,5/16/2022 0:00,4282.41,8,
618,5/16/2022,4,TRUE,5/17/2022 0:00,2602.41,6,
617,5/13/2022,2,TRUE,5/17/2022 0:00,3984.81,8,
626,5/16/2022,4,FALSE,5/17/2022 0:00,2658.47,8,
630,5/16/2022,3,FALSE,5/18/2022 0:00,4251.44,6,
629,5/16/2022,4,FALSE,5/18/2022 0:00,4017.27,8,
621,5/16/2022,5,FALSE,5/19/2022 0:00,3148.55,6,
624,5/16/2022,3,TRUE,5/19/2022 0:00,4333.86,6,
627,5/16/2022,3,TRUE,5/19/2022 0:00,3377.03,6,
623,5/16/2022,5,FALSE,5/19/2022 0:00,3379.55,8,
632,5/17/2022,4,TRUE,5/19/2022 0:00,4662.05,8,
607,5/11/2022,5,FALSE,5/20/2022 0:00,3602.15,7,
628,5/16/2022,1,TRUE,5/20/2022 0:00,1899.57,7,
620,5/16/2022,2,TRUE,5/20/2022 0:00,2941.52,8,
633,5/18/2022,4,TRUE,5/23/2022 0:00,3043.58,6,
636,5/19/2022,5,TRUE,5/23/2022 0:00,4559.44,6,
601,5/9/2022,5,TRUE,5/23/2022 0:00,3501.98,7,
619,5/16/2022,3,TRUE,5/23/2022 0:00,2684.51,7,
622,5/16/2022,3,TRUE,5/23/2022 0:00,4385.17,7,
635,5/19/2022,3,TRUE,5/23/2022 0:00,82639.99,8,
638,5/19/2022,4,FALSE,5/23/2022 0:00,4255.58,8,
639,5/20/2022,5,FALSE,5/24/2022 0:00,3292.6,6,
604,5/9/2022,3,FALSE,5/24/2022 0:00,2953.75,7,
625,5/16/2022,4,TRUE,5/24/2022 0:00,3966.19,7,
631,5/17/2022,2,FALSE,5/24/2022 0:00,4376.64,7,
648,5/23/2022,1,FALSE,5/25/2022 0:00,4885.63,6,
616,5/13/2022,1,TRUE,5/25/2022 0:00,3029.71,7,
640,5/20/2022,3,FALSE,5/25/2022 0:00,2403.18,7,
641,5/23/2022,2,FALSE,5/25/2022 0:00,3099.6,8,
644,5/23/2022,1,FALSE,5/25/2022 0:00,2196.21,8,
652,5/24/2022,5,TRUE,5/26/2022 0:00,2493.26,7,
651,5/24/2022,3,TRUE,5/26/2022 0:00,2877.82,8,
646,5/23/2022,5,TRUE,5/26/2022 0:00,3052.48,8,
647,5/23/2022,2,TRUE,5/26/2022 0:00,2157.74,8,
642,5/23/2022,3,TRUE,5/27/2022 0:00,9611.3,6,
645,5/23/2022,4,TRUE,5/27/2022 0:00,3492.27,6,
654,5/25/2022,2,TRUE,5/27/2022 0:00,3570.74,6,
634,5/18/2022,4,TRUE,5/27/2022 0:00,4027.96,7,
650,5/24/2022,3,FALSE,5/27/2022 0:00,2614.84,8,
657,5/26/2022,4,TRUE,5/30/2022 0:00,2017.61,6,
653,5/25/2022,1,TRUE,5/30/2022 0:00,3924.27,8,
656,5/26/2022,2,TRUE,5/30/2022 0:00,4601.32,8,
659,5/27/2022,5,TRUE,5/30/2022 0:00,3646.04,8,
660,5/30/2022,4,TRUE,6/1/2022 0:00,2843.68,6,
649,5/24/2022,5,TRUE,6/1/2022 0:00,2881.93,7,
643,5/23/2022,5,TRUE,6/2/2022 0:00,3773.94,7,
661,5/30/2022,3,TRUE,6/2/2022 0:00,3898.53,7,
662,5/30/2022,4,TRUE,6/2/2022 0:00,3652.15,8,
665,5/30/2022,3,FALSE,6/2/2022 0:00,5997.9,8,
663,5/30/2022,4,FALSE,6/3/2022 0:00,5724.91,6,
637,5/19/2022,4,TRUE,6/3/2022 0:00,5115.27,7,
658,5/26/2022,2,TRUE,6/4/2022 0:00,3495.99,7,
655,5/26/2022,4,TRUE,6/5/2022 0:00,4544.04,7,
666,5/31/2022,5,TRUE,6/6/2022 0:00,2772,6,
669,6/1/2022,5,TRUE,6/6/2022 0:00,3906.96,6,
672,6/2/2022,5,TRUE,6/6/2022 0:00,3597.68,8,
668,6/1/2022,2,FALSE,6/6/2022 0:00,2696.13,8,
671,6/2/2022,1,TRUE,6/6/2022 0:00,8403.88,8,
674,6/2/2022,4,FALSE,6/6/2022 0:00,3530.69,8,
675,6/3/2022,2,TRUE,6/7/2022 0:00,2836.51,6,
678,6/3/2022,5,FALSE,6/7/2022 0:00,4000.54,6,
677,6/3/2022,4,FALSE,6/7/2022 0:00,2990.58,8,
683,6/6/2022,1,TRUE,6/7/2022 0:00,1766.28,8,
687,6/6/2022,3,TRUE,6/8/2022 0:00,5229.29,6,
681,6/6/2022,3,TRUE,6/9/2022 0:00,2085.59,6,
684,6/6/2022,3,TRUE,6/9/2022 0:00,2598.62,6,
690,6/6/2022,4,TRUE,6/9/2022 0:00,3745.83,6,
670,6/2/2022,1,FALSE,6/9/2022 0:00,2779.79,7,
673,6/2/2022,5,TRUE,6/9/2022 0:00,3052.52,7,
686,6/6/2022,5,TRUE,6/9/2022 0:00,3974.44,8,
689,6/6/2022,5,TRUE,6/9/2022 0:00,4214.89,8,
680,6/6/2022,3,TRUE,6/10/2022 0:00,8380.08,8,
667,5/31/2022,5,FALSE,6/11/2022 0:00,3406.06,7,
676,6/3/2022,1,FALSE,6/11/2022 0:00,3862.5,7,
700,6/10/2022,5,TRUE,6/11/2022 0:00,2912.89,7,
682,6/6/2022,2,TRUE,6/12/2022 0:00,2703.42,7,
691,6/7/2022,2,TRUE,6/12/2022 0:00,3168.54,7,
694,6/8/2022,3,TRUE,6/12/2022 0:00,3589.55,7,
693,6/8/2022,4,TRUE,6/13/2022 0:00,2773.11,6,
696,6/8/2022,4,TRUE,6/13/2022 0:00,3803.54,6,
699,6/9/2022,4,TRUE,6/13/2022 0:00,3974.49,6,
692,6/7/2022,4,TRUE,6/13/2022 0:00,5946.79,8,
695,6/8/2022,1,TRUE,6/13/2022 0:00,2442.57,8,
698,6/9/2022,4,TRUE,6/13/2022 0:00,2787.76,8,
664,5/30/2022,5,TRUE,6/14/2022 0:00,2551.49,7,
709,6/13/2022,2,TRUE,6/14/2022 0:00,4198.97,7,
708,6/13/2022,4,FALSE,6/15/2022 0:00,3350.99,6,
703,6/13/2022,3,TRUE,6/15/2022 0:00,4361.16,7,
701,6/13/2022,2,FALSE,6/15/2022 0:00,5227.9,8,
707,6/13/2022,2,TRUE,6/15/2022 0:00,3684.28,8,
710,6/13/2022,3,TRUE,6/15/2022 0:00,4408.41,8,
688,6/6/2022,5,TRUE,6/16/2022 0:00,3122.25,7,
704,6/13/2022,4,FALSE,6/16/2022 0:00,8601.92,8,
711,6/13/2022,3,TRUE,6/17/2022 0:00,3375.18,6,
679,6/6/2022,5,TRUE,6/18/2022 0:00,2012.9,7,
685,6/6/2022,1,FALSE,6/18/2022 0:00,2909.21,7,
697,6/9/2022,5,TRUE,6/18/2022 0:00,3451.24,7,
706,6/13/2022,3,FALSE,6/18/2022 0:00,4433.02,7,
715,6/16/2022,1,TRUE,6/19/2022 0:00,3903.42,7,
702,6/13/2022,4,TRUE,6/20/2022 0:00,1646.29,6,
705,6/13/2022,4,FALSE,6/20/2022 0:00,4590.73,6,
714,6/15/2022,4,TRUE,6/20/2022 0:00,3029.89,6,
717,6/17/2022,2,TRUE,6/20/2022 0:00,5339.05,6,
713,6/15/2022,4,FALSE,6/20/2022 0:00,3111.47,8,
716,6/16/2022,2,FALSE,6/20/2022 0:00,4116.42,8,
722,6/17/2022,5,FALSE,6/20/2022 0:00,3214.81,8,
720,6/17/2022,5,TRUE,6/21/2022 0:00,3960.12,6,
719,6/17/2022,2,FALSE,6/21/2022 0:00,3515.67,8,
723,6/17/2022,4,TRUE,6/22/2022 0:00,2718.46,6,
726,6/20/2022,4,FALSE,6/22/2022 0:00,4507.57,6,
718,6/17/2022,1,TRUE,6/22/2022 0:00,1309.42,7,
729,6/20/2022,4,TRUE,6/23/2022 0:00,2298.6,6,
712,6/14/2022,3,FALSE,6/23/2022 0:00,2662.59,7,
721,6/17/2022,4,TRUE,6/23/2022 0:00,3224.62,7,
728,6/20/2022,1,FALSE,6/23/2022 0:00,3457.12,8,
731,6/20/2022,3,FALSE,6/23/2022 0:00,3370.97,8,
732,6/20/2022,2,FALSE,6/24/2022 0:00,5809.29,6,
724,6/17/2022,2,TRUE,6/24/2022 0:00,27729.52,7,
725,6/20/2022,5,TRUE,6/24/2022 0:00,2212.83,8,
730,6/20/2022,1,FALSE,6/25/2022 0:00,2855.18,7,
735,6/22/2022,5,TRUE,6/27/2022 0:00,3968.22,6,
741,6/23/2022,2,FALSE,6/27/2022 0:00,4132.31,6,
750,6/24/2022,5,TRUE,6/27/2022 0:00,3159.49,6,
748,6/24/2022,3,TRUE,6/27/2022 0:00,2429.39,7,
734,6/22/2022,4,TRUE,6/27/2022 0:00,3590.45,8,
737,6/23/2022,5,TRUE,6/27/2022 0:00,2316.8,8,
740,6/23/2022,5,TRUE,6/27/2022 0:00,2990.53,8,
743,6/23/2022,2,FALSE,6/27/2022 0:00,3322.65,8,
738,6/23/2022,4,TRUE,6/28/2022 0:00,3530.6,6,
744,6/24/2022,5,FALSE,6/28/2022 0:00,2992.43,6,
747,6/24/2022,1,TRUE,6/28/2022 0:00,1876.11,6,
749,6/24/2022,2,TRUE,6/28/2022 0:00,2547.99,8,
760,6/27/2022,1,FALSE,6/29/2022 0:00,3192.14,7,
746,6/24/2022,4,TRUE,6/29/2022 0:00,1437.63,8,
753,6/27/2022,4,TRUE,6/30/2022 0:00,4174.03,6,
759,6/27/2022,3,FALSE,6/30/2022 0:00,2015.49,6,
751,6/27/2022,4,TRUE,6/30/2022 0:00,2566.32,8,
755,6/27/2022,2,FALSE,6/30/2022 0:00,5221.03,8,
756,6/27/2022,3,TRUE,7/1/2022 0:00,3223.74,6,
733,6/21/2022,2,TRUE,7/1/2022 0:00,3919.98,7,
758,6/27/2022,1,TRUE,7/1/2022 0:00,5897.47,8,
764,6/28/2022,4,TRUE,7/1/2022 0:00,5316.49,8,
752,6/27/2022,3,FALSE,7/1/2022 0:00,166.04,8,
754,6/27/2022,3,TRUE,7/2/2022 0:00,4899.68,7,
769,6/30/2022,3,FALSE,7/2/2022 0:00,4152.29,7,
736,6/23/2022,4,TRUE,7/3/2022 0:00,292.55,7,
742,6/23/2022,2,TRUE,7/3/2022 0:00,4892.85,7,
762,6/28/2022,2,TRUE,7/4/2022 0:00,2228.83,6,
765,6/29/2022,1,TRUE,7/4/2022 0:00,6659.19,6,
768,6/30/2022,4,TRUE,7/4/2022 0:00,1723.68,6,
771,6/30/2022,4,TRUE,7/4/2022 0:00,1811.6,6,
761,6/28/2022,4,TRUE,7/4/2022 0:00,4625.58,8,
767,6/29/2022,2,TRUE,7/4/2022 0:00,7372.89,8,
727,6/20/2022,5,FALSE,7/4/2022 0:00,1676.42,7,
770,6/30/2022,3,FALSE,7/4/2022 0:00,5743.16,8,
773,7/1/2022,4,FALSE,7/4/2022 0:00,113.91,8,
763,6/28/2022,5,TRUE,7/5/2022 0:00,3867.43,7,
775,7/4/2022,5,FALSE,7/5/2022 0:00,4876.8,7,
766,6/29/2022,4,TRUE,7/6/2022 0:00,1262.4,7,
780,7/4/2022,4,TRUE,7/7/2022 0:00,4433.83,6,
783,7/5/2022,2,TRUE,7/7/2022 0:00,6080.44,6,
739,6/23/2022,4,TRUE,7/7/2022 0:00,3186.62,7,
757,6/27/2022,2,TRUE,7/7/2022 0:00,5525.17,7,
772,7/1/2022,4,TRUE,7/7/2022 0:00,6243.44,7,
781,7/4/2022,1,TRUE,7/7/2022 0:00,-101.15,7,
782,7/4/2022,4,TRUE,7/7/2022 0:00,1729.69,8,
778,7/4/2022,3,FALSE,7/7/2022 0:00,7367.45,7,
779,7/4/2022,3,FALSE,7/7/2022 0:00,1667.83,8,
774,7/4/2022,2,FALSE,7/8/2022 0:00,5403.3,6,
777,7/4/2022,1,TRUE,7/8/2022 0:00,5875.73,6,
776,7/4/2022,2,TRUE,7/8/2022 0:00,5619.24,8,
785,7/5/2022,5,TRUE,7/8/2022 0:00,6638.73,8,
745,6/24/2022,5,FALSE,7/8/2022 0:00,2323.31,7,
786,7/6/2022,3,TRUE,7/11/2022 0:00,-169.22,6,
788,7/7/2022,2,TRUE,7/11/2022 0:00,4019.74,8,
789,7/7/2022,5,FALSE,7/12/2022 0:00,1370.09,6,
790,7/8/2022,1,TRUE,7/12/2022 0:00,4440.11,7,
791,7/8/2022,4,TRUE,7/12/2022 0:00,4023.97,8,
795,7/11/2022,1,TRUE,7/13/2022 0:00,3528.95,6,
797,7/11/2022,4,FALSE,7/13/2022 0:00,6698.78,8,
792,7/11/2022,4,TRUE,7/14/2022 0:00,2381.22,6,
784,7/5/2022,5,TRUE,7/14/2022 0:00,3507.08,7,
796,7/11/2022,4,TRUE,7/14/2022 0:00,7383.49,7,
798,7/11/2022,4,FALSE,7/15/2022 0:00,3667.15,6,
794,7/11/2022,3,TRUE,7/15/2022 0:00,2037.5,8,
809,7/14/2022,4,TRUE,7/15/2022 0:00,5098.36,8,
801,7/13/2022,5,FALSE,7/18/2022 0:00,6874.3,6,
810,7/15/2022,5,FALSE,7/18/2022 0:00,6308.88,6,
804,7/14/2022,1,TRUE,7/18/2022 0:00,6566.75,6,
807,7/14/2022,3,TRUE,7/18/2022 0:00,1115.23,6,
802,7/13/2022,3,TRUE,7/18/2022 0:00,3543.29,7,
800,7/12/2022,5,TRUE,7/18/2022 0:00,1786.97,8,
803,7/13/2022,4,TRUE,7/18/2022 0:00,3170.21,8,
806,7/14/2022,4,TRUE,7/18/2022 0:00,6641.6,8,
787,7/6/2022,2,TRUE,7/19/2022 0:00,4504.11,7,
793,7/11/2022,3,FALSE,7/19/2022 0:00,7205.79,7,
799,7/11/2022,4,FALSE,7/19/2022 0:00,3710.35,7,
812,7/18/2022,2,TRUE,7/20/2022 0:00,3962.81,8,
813,7/18/2022,5,FALSE,7/22/2022 0:00,3821.71,6,
815,7/18/2022,4,TRUE,7/22/2022 0:00,4432.21,8,
805,7/14/2022,4,FALSE,7/23/2022 0:00,3719.56,7,
820,7/21/2022,5,FALSE,7/24/2022 0:00,6264.08,7,
816,7/21/2022,2,TRUE,7/25/2022 0:00,4485.85,6,
819,7/21/2022,2,TRUE,7/25/2022 0:00,3477.93,6,
818,7/21/2022,5,TRUE,7/25/2022 0:00,6550.05,8,
826,7/22/2022,2,FALSE,7/25/2022 0:00,1709,7,
821,7/21/2022,2,FALSE,7/25/2022 0:00,2545.9,8,
814,7/18/2022,5,FALSE,7/26/2022 0:00,5834.36,7,
825,7/22/2022,2,FALSE,7/27/2022 0:00,2287.11,6,
822,7/22/2022,4,TRUE,7/27/2022 0:00,2024.31,6,
831,7/25/2022,5,TRUE,7/27/2022 0:00,3469.75,6,
837,7/25/2022,4,TRUE,7/27/2022 0:00,2359.92,8,
824,7/22/2022,3,TRUE,7/27/2022 0:00,1961.3,8,
811,7/18/2022,2,FALSE,7/27/2022 0:00,4982.44,7,
823,7/22/2022,5,TRUE,7/28/2022 0:00,1343.81,7,
836,7/25/2022,4,TRUE,7/28/2022 0:00,390.99,8,
808,7/14/2022,2,FALSE,7/28/2022 0:00,964.96,7,
830,7/25/2022,5,FALSE,7/28/2022 0:00,5773.74,8,
828,7/25/2022,1,FALSE,7/29/2022 0:00,2134.57,6,
834,7/25/2022,2,FALSE,7/29/2022 0:00,3234.27,6,
840,7/25/2022,2,FALSE,7/29/2022 0:00,1639.01,6,
839,7/25/2022,3,TRUE,7/29/2022 0:00,4869.08,8,
832,7/25/2022,3,TRUE,7/30/2022 0:00,7254.08,7,
829,7/25/2022,2,TRUE,7/31/2022 0:00,2385.97,7,
835,7/25/2022,4,FALSE,7/31/2022 0:00,807.05,7,
843,7/27/2022,4,TRUE,8/1/2022 0:00,5467.36,6,
853,7/29/2022,3,TRUE,8/1/2022 0:00,670.19,8,
833,7/25/2022,1,TRUE,8/1/2022 0:00,2891.75,8,
848,7/28/2022,3,TRUE,8/1/2022 0:00,1723.74,8,
827,7/25/2022,5,FALSE,8/1/2022 0:00,5845.32,8,
842,7/27/2022,1,FALSE,8/1/2022 0:00,1877.48,8,
845,7/28/2022,5,FALSE,8/1/2022 0:00,-23.59,8,
854,7/29/2022,2,FALSE,8/1/2022 0:00,555.59,8,
852,7/29/2022,2,FALSE,8/2/2022 0:00,5030.61,6,
846,7/28/2022,5,TRUE,8/2/2022 0:00,1199.82,6,
849,7/28/2022,3,TRUE,8/2/2022 0:00,3521.16,6,
817,7/21/2022,3,TRUE,8/2/2022 0:00,3328.41,7,
844,7/28/2022,4,TRUE,8/2/2022 0:00,5096.58,7,
863,8/1/2022,4,TRUE,8/2/2022 0:00,4564.84,8,
855,7/29/2022,5,FALSE,8/3/2022 0:00,891.4,6,
841,7/26/2022,4,TRUE,8/3/2022 0:00,6035.22,7,
851,7/29/2022,4,TRUE,8/3/2022 0:00,5801.35,8,
860,8/1/2022,4,TRUE,8/3/2022 0:00,2973.12,8,
858,8/1/2022,4,TRUE,8/4/2022 0:00,2385.17,6,
864,8/1/2022,2,TRUE,8/4/2022 0:00,3693.08,6,
847,7/28/2022,1,TRUE,8/4/2022 0:00,2230.16,7,
857,8/1/2022,5,FALSE,8/4/2022 0:00,3110.73,8,
861,8/1/2022,5,FALSE,8/5/2022 0:00,5658.48,6,
865,8/2/2022,5,TRUE,8/5/2022 0:00,2320.71,7,
862,8/1/2022,1,TRUE,8/7/2022 0:00,1787.19,7,
873,8/5/2022,5,FALSE,8/8/2022 0:00,4073.2,6,
867,8/3/2022,5,TRUE,8/8/2022 0:00,3454.09,6,
870,8/4/2022,3,TRUE,8/8/2022 0:00,6982.67,6,
866,8/2/2022,3,TRUE,8/8/2022 0:00,2234.16,8,
869,8/3/2022,3,TRUE,8/8/2022 0:00,4594.9,8,
872,8/4/2022,3,TRUE,8/8/2022 0:00,4208.45,8,
876,8/5/2022,3,TRUE,8/9/2022 0:00,6119.86,6,
838,7/25/2022,3,TRUE,8/9/2022 0:00,6992.07,7,
874,8/5/2022,5,TRUE,8/9/2022 0:00,266.03,7,
883,8/8/2022,3,TRUE,8/9/2022 0:00,5009.39,7,
875,8/5/2022,4,FALSE,8/9/2022 0:00,5725.44,8,
859,8/1/2022,2,TRUE,8/10/2022 0:00,961.03,7,
871,8/4/2022,1,TRUE,8/10/2022 0:00,2979.29,7,
879,8/8/2022,5,FALSE,8/11/2022 0:00,5707.25,6,
882,8/8/2022,3,FALSE,8/11/2022 0:00,6826.71,6,
850,7/29/2022,1,FALSE,8/11/2022 0:00,6335.5,7,
881,8/8/2022,4,TRUE,8/11/2022 0:00,2810.28,8,
878,8/8/2022,5,FALSE,8/11/2022 0:00,3972.46,8,
888,8/10/2022,5,TRUE,8/12/2022 0:00,2697.14,6,
884,8/8/2022,1,TRUE,8/12/2022 0:00,5098.13,8,
895,8/12/2022,3,TRUE,8/13/2022 0:00,1346.15,7,
856,8/1/2022,5,FALSE,8/14/2022 0:00,3079.68,7,
868,8/3/2022,5,TRUE,8/14/2022 0:00,2061.3,7,
880,8/8/2022,2,FALSE,8/15/2022 0:00,1404.46,7,
885,8/8/2022,4,TRUE,8/15/2022 0:00,3049.82,6,
891,8/11/2022,3,TRUE,8/15/2022 0:00,2087.73,6,
894,8/12/2022,4,TRUE,8/15/2022 0:00,1492.97,6,
887,8/9/2022,1,TRUE,8/15/2022 0:00,2256.29,8,
890,8/11/2022,1,FALSE,8/15/2022 0:00,4777.68,8,
896,8/12/2022,1,FALSE,8/16/2022 0:00,5255.78,8,
900,8/15/2022,1,FALSE,8/17/2022 0:00,1344.65,6,
909,8/15/2022,3,TRUE,8/17/2022 0:00,3742.59,6,
893,8/12/2022,5,FALSE,8/17/2022 0:00,4391.72,8,
906,8/15/2022,2,FALSE,8/18/2022 0:00,6603.41,6,
897,8/15/2022,4,TRUE,8/18/2022 0:00,2438.04,6,
910,8/16/2022,3,FALSE,8/18/2022 0:00,6511.23,7,
886,8/9/2022,3,TRUE,8/18/2022 0:00,5204.55,7,
899,8/15/2022,3,TRUE,8/18/2022 0:00,4300.66,8,
903,8/15/2022,2,FALSE,8/19/2022 0:00,2527.98,6,
905,8/15/2022,5,TRUE,8/19/2022 0:00,4547.17,8,
877,8/8/2022,4,FALSE,8/20/2022 0:00,4789.7,7,
921,8/19/2022,1,FALSE,8/22/2022 0:00,5151.65,6,
892,8/12/2022,3,FALSE,8/22/2022 0:00,7299.6,7,
912,8/17/2022,2,TRUE,8/22/2022 0:00,659.41,6,
915,8/18/2022,5,TRUE,8/22/2022 0:00,1891.89,6,
902,8/15/2022,4,TRUE,8/22/2022 0:00,1553.28,8,
914,8/17/2022,1,TRUE,8/22/2022 0:00,4996.66,8,
917,8/18/2022,4,TRUE,8/22/2022 0:00,483.23,8,
908,8/15/2022,3,FALSE,8/22/2022 0:00,3236.61,8,
911,8/16/2022,5,FALSE,8/22/2022 0:00,3317.81,8,
920,8/19/2022,5,FALSE,8/22/2022 0:00,3106.47,8,
898,8/15/2022,5,FALSE,8/23/2022 0:00,4404.8,7,
918,8/18/2022,2,TRUE,8/23/2022 0:00,4058.76,6,
889,8/10/2022,5,TRUE,8/23/2022 0:00,1953.73,7,
913,8/17/2022,5,FALSE,8/24/2022 0:00,4616.23,7,
927,8/22/2022,2,FALSE,8/25/2022 0:00,7033.97,6,
930,8/22/2022,3,TRUE,8/25/2022 0:00,4477.48,6,
923,8/22/2022,3,TRUE,8/25/2022 0:00,5594.71,8,
926,8/22/2022,3,TRUE,8/25/2022 0:00,2345.11,8,
929,8/22/2022,2,TRUE,8/26/2022 0:00,1491.4,8,
932,8/24/2022,2,TRUE,8/26/2022 0:00,2095.08,8,
904,8/15/2022,1,TRUE,8/27/2022 0:00,2822.19,7,
907,8/15/2022,4,TRUE,8/27/2022 0:00,2023.31,7,
919,8/19/2022,5,TRUE,8/27/2022 0:00,5780.71,7,
924,8/22/2022,1,FALSE,8/29/2022 0:00,1785.96,6,
916,8/18/2022,4,FALSE,8/29/2022 0:00,6961.11,7,
933,8/24/2022,5,TRUE,8/29/2022 0:00,1437.32,6,
936,8/25/2022,4,TRUE,8/29/2022 0:00,4994.68,6,
925,8/22/2022,2,TRUE,8/29/2022 0:00,7087.89,7,
931,8/24/2022,4,TRUE,8/29/2022 0:00,5245.73,7,
935,8/25/2022,4,TRUE,8/29/2022 0:00,5643.8,8,
901,8/15/2022,2,FALSE,8/30/2022 0:00,7550.44,7,
928,8/22/2022,4,FALSE,8/30/2022 0:00,7182.96,7,
934,8/25/2022,2,FALSE,8/31/2022 0:00,3452.53,7,
942,8/29/2022,1,TRUE,8/31/2022 0:00,5896.3,6,
939,8/29/2022,2,FALSE,9/1/2022 0:00,3536.37,6,
945,8/29/2022,5,FALSE,9/1/2022 0:00,2891.22,6,
922,8/22/2022,1,FALSE,9/1/2022 0:00,6210.22,7,
944,8/29/2022,2,TRUE,9/1/2022 0:00,6247.46,8,
938,8/29/2022,5,FALSE,9/1/2022 0:00,1148.65,8,
941,8/29/2022,2,FALSE,9/1/2022 0:00,2726.05,8,
948,8/30/2022,2,TRUE,9/2/2022 0:00,558.34,6,
951,8/30/2022,3,TRUE,9/2/2022 0:00,4306.38,6,
955,9/1/2022,5,TRUE,9/2/2022 0:00,2107.86,7,
949,8/30/2022,3,TRUE,9/3/2022 0:00,-511.28,7,
954,9/1/2022,4,TRUE,9/5/2022 0:00,5874.95,6,
957,9/1/2022,3,TRUE,9/5/2022 0:00,4472.24,6,
937,8/26/2022,4,TRUE,9/5/2022 0:00,3017.15,7,
947,8/30/2022,1,TRUE,9/5/2022 0:00,5556.81,8,
953,9/1/2022,5,TRUE,9/5/2022 0:00,5718.22,8,
959,9/2/2022,1,TRUE,9/5/2022 0:00,5382.77,8,
962,9/2/2022,4,TRUE,9/5/2022 0:00,1193.55,8,
950,8/30/2022,4,FALSE,9/5/2022 0:00,2873.18,8,
963,9/2/2022,4,FALSE,9/6/2022 0:00,2079.78,6,
940,8/29/2022,5,FALSE,9/6/2022 0:00,890.25,7,
960,9/2/2022,5,TRUE,9/6/2022 0:00,4558.02,6,
956,9/1/2022,1,TRUE,9/6/2022 0:00,1958.29,8,
969,9/5/2022,5,FALSE,9/8/2022 0:00,3191.47,6,
943,8/29/2022,5,FALSE,9/8/2022 0:00,4682.53,7,
972,9/5/2022,1,TRUE,9/8/2022 0:00,5835.34,6,
974,9/6/2022,5,TRUE,9/8/2022 0:00,5800.06,8,
966,9/5/2022,4,TRUE,9/9/2022 0:00,3878.87,6,
971,9/5/2022,1,TRUE,9/9/2022 0:00,1451.06,8,
980,9/7/2022,4,TRUE,9/9/2022 0:00,4785.26,8,
965,9/5/2022,2,FALSE,9/9/2022 0:00,4451.47,8,
968,9/5/2022,5,FALSE,9/9/2022 0:00,6523.02,8,
946,8/29/2022,3,FALSE,9/10/2022 0:00,970.33,7,
982,9/8/2022,5,TRUE,9/10/2022 0:00,5124.12,7,
952,8/31/2022,5,TRUE,9/11/2022 0:00,6120.52,7,
985,9/8/2022,1,TRUE,9/11/2022 0:00,2419.09,7,
975,9/6/2022,3,FALSE,9/12/2022 0:00,2652.59,6,
978,9/7/2022,2,FALSE,9/12/2022 0:00,3383.99,6,
981,9/8/2022,2,FALSE,9/12/2022 0:00,4828.21,6,
958,9/1/2022,2,FALSE,9/12/2022 0:00,6118.34,7,
967,9/5/2022,5,FALSE,9/12/2022 0:00,1705.17,7,
990,9/9/2022,3,TRUE,9/12/2022 0:00,2153.29,6,
984,9/8/2022,2,TRUE,9/12/2022 0:00,1019.06,8,
987,9/8/2022,1,TRUE,9/12/2022 0:00,2067.24,8,
976,9/6/2022,3,TRUE,9/12/2022 0:00,139.81,8,
977,9/7/2022,4,TRUE,9/12/2022 0:00,7284.21,8,
983,9/8/2022,1,TRUE,9/12/2022 0:00,1062.82,8,
986,9/8/2022,2,TRUE,9/13/2022 0:00,3157.36,8,
989,9/9/2022,5,FALSE,9/13/2022 0:00,1474.77,8,
993,9/12/2022,2,TRUE,9/15/2022 0:00,4283.55,6,
999,9/12/2022,2,TRUE,9/15/2022 0:00,4172.68,6,
961,9/2/2022,5,TRUE,9/15/2022 0:00,6468.62,7,
970,9/5/2022,4,TRUE,9/15/2022 0:00,5691.95,7,
994,9/12/2022,3,TRUE,9/15/2022 0:00,4432.22,7,
992,9/12/2022,4,TRUE,9/15/2022 0:00,5050.6,8,
998,9/12/2022,2,TRUE,9/15/2022 0:00,5428.57,8,
996,9/12/2022,3,TRUE,9/16/2022 0:00,272.05,6,
1002,9/13/2022,1,TRUE,9/16/2022 0:00,3539.12,6,
1008,9/14/2022,2,TRUE,9/16/2022 0:00,2907.1,6,
1003,9/13/2022,4,TRUE,9/16/2022 0:00,1588.44,7,
995,9/12/2022,3,TRUE,9/16/2022 0:00,3741.39,8,
1001,9/12/2022,3,TRUE,9/16/2022 0:00,1297.96,8,
1004,9/13/2022,4,TRUE,9/16/2022 0:00,4337.68,8,
973,9/6/2022,2,TRUE,9/17/2022 0:00,2036.28,7,
964,9/5/2022,4,TRUE,9/18/2022 0:00,4468.96,7,
979,9/7/2022,5,TRUE,9/18/2022 0:00,5438.57,7,
1011,9/15/2022,1,FALSE,9/19/2022 0:00,2360.35,6,
1005,9/13/2022,1,TRUE,9/19/2022 0:00,1282.65,6,
1007,9/13/2022,5,TRUE,9/19/2022 0:00,1618.87,8,
1013,9/15/2022,1,FALSE,9/19/2022 0:00,5074.35,8,
988,9/9/2022,4,FALSE,9/20/2022 0:00,903.57,7,
991,9/9/2022,4,FALSE,9/20/2022 0:00,538.01,7,
997,9/12/2022,5,TRUE,9/20/2022 0:00,5778.7,7,
1010,9/15/2022,5,FALSE,9/20/2022 0:00,1447.28,8,
1014,9/16/2022,4,FALSE,9/21/2022 0:00,4369.38,6,
1009,9/15/2022,5,TRUE,9/21/2022 0:00,568.38,7,
1023,9/19/2022,5,TRUE,9/22/2022 0:00,2117.91,6,
1020,9/19/2022,4,TRUE,9/22/2022 0:00,2783.28,8,
1022,9/19/2022,5,TRUE,9/22/2022 0:00,3414.83,8,
1017,9/19/2022,4,FALSE,9/23/2022 0:00,2329.22,6,
1026,9/20/2022,2,TRUE,9/23/2022 0:00,5099.78,6,
1016,9/19/2022,3,TRUE,9/23/2022 0:00,3995.62,8,
1025,9/20/2022,4,TRUE,9/23/2022 0:00,2284.31,8,
1019,9/19/2022,2,FALSE,9/23/2022 0:00,4107.39,8,
1012,9/15/2022,5,TRUE,9/25/2022 0:00,936.78,7,
1021,9/19/2022,5,TRUE,9/25/2022 0:00,4125.32,7,
1045,9/23/2022,1,TRUE,9/25/2022 0:00,1656.11,7,
1029,9/21/2022,2,TRUE,9/26/2022 0:00,6486.22,6,
1032,9/21/2022,2,TRUE,9/26/2022 0:00,333.89,6,
1041,9/23/2022,2,TRUE,9/26/2022 0:00,5152.75,6,
1028,9/20/2022,2,TRUE,9/26/2022 0:00,1779.76,8,
1031,9/21/2022,3,TRUE,9/26/2022 0:00,2211.41,8,
1034,9/22/2022,2,TRUE,9/26/2022 0:00,1738.96,8,
1037,9/22/2022,5,TRUE,9/26/2022 0:00,5928.35,8,
1040,9/22/2022,4,TRUE,9/26/2022 0:00,984.93,8,
1044,9/23/2022,4,FALSE,9/27/2022 0:00,2513.93,6,
1015,9/19/2022,2,FALSE,9/27/2022 0:00,2575.9,7,
1039,9/22/2022,4,FALSE,9/27/2022 0:00,6175.92,7,
1035,9/22/2022,2,TRUE,9/27/2022 0:00,5543.13,6,
1038,9/22/2022,5,TRUE,9/27/2022 0:00,6663.76,6,
1006,9/13/2022,3,TRUE,9/27/2022 0:00,6767.52,7,
1033,9/21/2022,3,TRUE,9/27/2022 0:00,4603.91,7,
1043,9/23/2022,5,TRUE,9/27/2022 0:00,3569.15,8,
1050,9/26/2022,4,FALSE,9/28/2022 0:00,6568.42,6,
1000,9/12/2022,5,TRUE,9/28/2022 0:00,1054.74,7,
1049,9/26/2022,3,TRUE,9/28/2022 0:00,3823.4,8,
1027,9/20/2022,5,FALSE,9/29/2022 0:00,7165.76,7,
1047,9/26/2022,3,TRUE,9/29/2022 0:00,5181.12,6,
1024,9/20/2022,2,TRUE,9/29/2022 0:00,4286.62,7,
1030,9/21/2022,1,TRUE,9/29/2022 0:00,1499.09,7,
1055,9/28/2022,4,FALSE,9/30/2022,2497.97,8,
1046,9/26/2022,1,TRUE,10/1/2022,3491.78,8,
1053,9/27/2022,3,TRUE,10/2/2022,3814.97,6,
1018,9/19/2022,2,TRUE,10/2/2022 0:00,2850.29,7,
1061,9/29/2022,1,TRUE,10/2/2022,3520.83,8,
1058,9/29/2022,5,TRUE,10/3/2022,3942.49,8,
1056,9/28/2022,1,TRUE,10/4/2022,2950.95,6,
1036,9/22/2022,3,TRUE,10/5/2022 0:00,5773.84,7,
1042,9/23/2022,3,FALSE,10/5/2022 0:00,3489.25,7,
1052,9/27/2022,2,FALSE,10/6/2022,38114.08,8,
1059,9/29/2022,5,FALSE,10/7/2022,4084.48,6,
1048,9/26/2022,4,FALSE,10/7/2022,3931.15,7,
1054,9/27/2022,3,FALSE,10/7/2022,5041.78,7,
1051,9/26/2022,3,TRUE,10/8/2022,3696.02,7,
1057,9/29/2022,5,FALSE,10/11/2022,2712.87,7,
1060,9/29/2022,5,TRUE,10/13/2022,3532.34,7,
